"route_id","trip_id","trip_headsign","direction_id"
"1016-10","1016-10-0","Center Norte",0
"1016-10","1016-10-1","Cemiterio Do Horto",1
"1017-10","1017-10-0","Vila Iorio",0
"1017-10","1017-10-1","Perus",1
"1018-10","1018-10-0","Metrô Santana",0
"1018-10","1018-10-1","Vila Rosa",1
"106A-10","106A-10-0","Itaim Bibi",0
"106A-10","106A-10-1","Metrô Santana",1
"107T-10","107T-10-0","Pinheiros",0
"107T-10","107T-10-1","Metrô Tucuruvi",1
"107T-31","107T-31-0","Pinheiros ",0
"107T-31","107T-31-1","Metrô Tucuruvi",1
"1156-10","1156-10-0","Pca. Do Correio",0
"1156-10","1156-10-1","Vila Sabrina",1
"1156-31","1156-31-0","Praça Do Correio",0
"1156-31","1156-31-1","Vila Sabrina",1
"1177-10","1177-10-0","Estação Da Luz",0
"1177-10","1177-10-1","Term. A.e. Carvalho",1
"1177-31","1177-31-0","Estação Da Luz",0
"1177-31","1177-31-1","Term. A. E. Carvalho",1
"1177-42","1177-42-0","Term. Pq.d. Pedro Ii",0
"1177-51","1177-51-0","Term. Amaral Gurgel",0
"1177-51","1177-51-1","Term. A. E. Carvalho",1
"1178-10","1178-10-0","Pca. Do Correio",0
"1178-10","1178-10-1","Sao Miguel",1
"1178-31","1178-31-0","Pca. Do Correio",0
"1178-31","1178-31-1","Sao Miguel",1
"1178-32","1178-32-0","Pca. Do Correio",0
"1178-33","1178-33-0","Sao Miguel",0
"1178-42","1178-42-0","Pca. Do Correio",0
"117Y-10","117Y-10-0","Pinheiros",0
"117Y-10","117Y-10-1","Cohab Antartica",1
"118C-10","118C-10-0","Metro Santa Cecilia",0
"118C-10","118C-10-1","Jd. Pery Alto",1
"118C-21","118C-21-0","Estação Da Luz",0
"118C-22","118C-22-0","Jd.pery Alto",0
"118C-24","118C-24-0","Jd. Pery Alto",0
"118C-41","118C-41-0","Jd. Pery Alto",0
"118Y-10","118Y-10-0","Lapa",0
"118Y-10","118Y-10-1","Lauzane Paulista",1
"119C-10","119C-10-0","Term.princesa Isabel",0
"119C-10","119C-10-1","Vila Sabrina",1
"119P-10","119P-10-0","Term.bandeira",0
"1206-10","1206-10-0","Correio",0
"121G-10","121G-10-0","Metro Tucuruvi",0
"128Y-10","128Y-10-0","Lapa",0
"128Y-10","128Y-10-1","Jd. Pery Alto",1
"138Y-10","138Y-10-0","Metro Barra Funda",0
"138Y-10","138Y-10-1","Casa Verde Alta",1
"148L-10","148L-10-0","Lapa",0
"148L-10","148L-10-1","Cohab Antartica",1
"148L-41","148L-41-0","Lapa",0
"148L-41","148L-41-1","Mandaqui",1
"148P-10","148P-10-0","Term. Barra Funda",0
"148P-10","148P-10-1","Jardim Pery",1
"1701-10","1701-10-0","Carandiru",0
"1701-51","1701-51-0","Carandiru",0
"1702-10","1702-10-0","Tiete",0
"1702-10","1702-10-1","Jova Rural",1
"1703-10","1703-10-0","Center Norte",0
"1703-10","1703-10-1","Jd. Fontalis",1
"1705-10","1705-10-0","Metro Tucuruvi",0
"1705-10","1705-10-1","Jd. Sao Joao",1
"1709-10","1709-10-0","Metro Tucuruvi",0
"1709-21","1709-21-0","Metro Tucuruvi",0
"1720-10","1720-10-0","Cantareira",0
"1720-10","1720-10-1","Jd. Guanca",1
"1720-21","1720-21-0","Metro Tucuruvi",0
"1721-10","1721-10-0","Metro Carandiru",0
"1721-21","1721-21-0","Metrô Carandiru",0
"1721-51","1721-51-0","Term. Bandeira ",0
"1722-10","1722-10-0","Metrô Tucuruvi",0
"1722-10","1722-10-1","Jd. Marina",1
"1726-10","1726-10-0","Metrô Santana",0
"1726-10","1726-10-1","Vila Zilda",1
"1726-51","1726-51-0","Metrô Santana",0
"1726-51","1726-51-1","Clube Plêiades",1
"172J-10","172J-10-0","Tatuape",0
"172J-10","172J-10-1","Jd. Brasil",1
"172K-10","172K-10-0","Metro Tatuape",0
"172K-10","172K-10-1","Jd. Tremembe",1
"172N-10","172N-10-0","Metro Belem",0
"172N-10","172N-10-1","Shop. Center Norte",1
"172N-21","172N-21-0","Metrô Belém",0
"172N-22","172N-22-0","Metrô Belém",0
"172P-10","172P-10-0","Metro Belem",0
"172P-10","172P-10-1","Vila Zilda",1
"172R-10","172R-10-0","Metro Belem",0
"172R-10","172R-10-1","Jaçanã",1
"172U-10","172U-10-0","Mooca",0
"172U-10","172U-10-1","Cem.pq.dos Pinheiros",1
"172X-10","172X-10-0","Metro Tatuape",0
"172X-10","172X-10-1","Pq. Novo Mundo",1
"172Y-10","172Y-10-0","Metro Belem",0
"172Y-10","172Y-10-1","Vila Constança",1
"1730-10","1730-10-0","Santana",0
"1732-10","1732-10-0","Metro Santa Cecilia",0
"1732-10","1732-10-1","Vila Sabrina",1
"1738-10","1738-10-0","Metro Santana",0
"1738-10","1738-10-1","Vila Constancia",1
"1741-10","1741-10-0","Metro Santana",0
"1741-10","1741-10-1","Vila Dionisia",1
"1741-21","1741-21-0","Metro Santana",0
"1742-10","1742-10-0","Metro Santana",0
"1742-10","1742-10-1","Jd. Antartica",1
"1743-10","1743-10-0","Metro Tiete",0
"1743-51","1743-51-0","Terminal Amaral Gurgel",0
"1743-51","1743-51-1","Jardim Pery Alto",1
"1744-10","1744-10-0","Metro Santana",0
"1744-10","1744-10-1","Lauzane Paulista",1
"1744-21","1744-21-0","Metro Santana",0
"1744-31","1744-31-0","Metro Santana ",0
"1745-10","1745-10-0","Shop. Center Norte",0
"1745-10","1745-10-1","Vl.nova Cachoeirinha",1
"1745-41","1745-41-0","Vila Nova Cachoeirinha",0
"174M-10","174M-10-0","Museu Do Ipiranga",0
"174M-10","174M-10-1","Jd. Brasil",1
"1756-10","1756-10-0","Metro Santana",0
"1756-10","1756-10-1","Pedra Branca",1
"1757-10","1757-10-0","Metro Santana - Circular",0
"1758-10","1758-10-0","Metro Santana",0
"1758-10","1758-10-1","Jd. Antartica",1
"1758-51","1758-51-0","Terminal Amaral Gurgel",0
"1758-51","1758-51-1","Jardim Antartica",1
"1759-10","1759-10-0","Metro Santana",0
"1759-10","1759-10-1","Jd. Pery",1
"1759-21","1759-21-0","Metro Santana",0
"1759-41","1759-41-0","Metro Santana",0
"175P-10","175P-10-0","Ana Rosa",0
"175P-10","175P-10-1","Metrô Santana",1
"175T-10","175T-10-0","Metro Jabaquara",0
"175T-10","175T-10-1","Metrô Santana",1
"1760-10","1760-10-0","Shop. Center Norte",0
"1760-10","1760-10-1","Cohab Antartica",1
"1760-41","1760-41-0","Cohab Antártica",0
"1764-10","1764-10-0","Metro Santana",0
"1764-10","1764-10-1","Jd. Corisco",1
"1764-41","1764-41-0","Metrô Parada Inglesa",0
"1764-41","1764-41-1","Cemit. Pq. Da Cantareira",1
"1765-10","1765-10-0","Metrô Tucuruvi",0
"1765-10","1765-10-1","Jd. Cabuçu",1
"1766-10","1766-10-0","Metro Santana",0
"1767-10","1767-10-0","Metrô Tucuruvi",0
"1767-10","1767-10-1","Edu Chaves",1
"1767-51","1767-51-0","Term. Bandeira",0
"1771-10","1771-10-0","Metro Santana",0
"1771-10","1771-10-1","Vila Zilda",1
"1771-21","1771-21-0","Metrô Tucuruvi",0
"1772-10","1772-10-0","Metro Tucuruvi",0
"1772-10","1772-10-1","Jd. Filhos Da Terra",1
"1772-31","1772-31-0","Recanto Verde",0
"1772-51","1772-51-0","Lgo. Da Concordia",0
"1773-10","1773-10-0","Mandaqui",0
"1773-10","1773-10-1","Cem.pq.dos Pinheiros",1
"1773-41","1773-41-0","Metrô Tucuruvi",0
"1775-10","1775-10-0","Center Norte",0
"1775-10","1775-10-1","Vila Albertina",1
"1778-10","1778-10-0","Metrô Santana",0
"1778-51","1778-51-0","Pca. Do Correio",0
"1778-51","1778-51-1","Cem. Pq. Dos Pinheiros",1
"177H-10","177H-10-0","Butanta - Usp",0
"177H-10","177H-10-1","Metrô Santana",1
"177P-10","177P-10-0","Metrô Butanta - Circular",0
"177X-10","177X-10-0","Metro Vila Madalena",0
"177X-10","177X-10-1","Jd. Pery Alto",1
"177Y-10","177Y-10-0"," terminal Pinheiros",0
"177Y-10","177Y-10-1","Metrô Barra Funda",1
"1780-10","1780-10-0","Term. Parada Inglesa",0
"1780-10","1780-10-1","Jd. Hebron",1
"1782-10","1782-10-0","Metro Santana - Circular",0
"1782-31","1782-31-0","Santana",0
"1782-31","1782-31-1","Vila Nova Galvao",1
"1783-10","1783-10-0","Metro Santana",0
"1783-10","1783-10-1","Cachoeira",1
"1783-21","1783-21-0","Metrô Tucuruvi (circular)",0
"1783-22","1783-22-0","Metro Santana",0
"1783-41","1783-41-0","Metrô Parada Inglesa",0
"1783-41","1783-41-1","Jd. Labitary",1
"1783-51","1783-51-0","Cachoeira-dib",0
"1783-52","1783-52-0","Pca. Do Correio",0
"1785-10","1785-10-0","Metrô Santana",0
"1785-10","1785-10-1","Vila Aurora",1
"1786-10","1786-10-0","Metro Santana",0
"1786-10","1786-10-1","Vila Albertina",1
"1787-10","1787-10-0","Metro Santana",0
"1787-10","1787-10-1","Vila Marieta",1
"1788-10","1788-10-0","Metro Santana",0
"1788-10","1788-10-1","Jd. Fontalis",1
"1788-51","1788-51-0","Metro Santana",0
"1788-51","1788-51-1","Jd. Campo Limpo",1
"1789-10","1789-10-0","Metro  Santana",0
"1789-10","1789-10-1","Recanto Verde",1
"178A-10","178A-10-0","Lapa",0
"178A-10","178A-10-1","Metrô Santana",1
"178L-10","178L-10-0","Hosp. Das Clinicas",0
"178L-10","178L-10-1","Lauzane Paulista",1
"178L-22","178L-22-0","Metro Santana",0
"178T-10","178T-10-0","Ceasa",0
"178T-10","178T-10-1","Metro Santana",1
"178Y-10","178Y-10-0","Metro Jd. Sao Paulo",0
"178Y-10","178Y-10-1","Vila Amelia",1
"179X-10","179X-10-0","Metrô Barra Funda",0
"179X-10","179X-10-1","Jd. Fontalis",1
"199D-10","199D-10-0","Terminal Pinheiros",0
"199D-10","199D-10-1","Vila Iorio",1
"2001-10","2001-10-0","Term. Pq. D. Pedro Ii",0
"2002-10","2002-10-0","Term. Bandeira",0
"2004-10","2004-10-0","Est. Cptm Guaianazes",0
"2004-10","2004-10-1","Jd. Nsa. Sra. Do Caminho",1
"2005-10","2005-10-0","Sao Miguel (circ.)",0
"2006-10","2006-10-0","Est. Cptm Itaim Paulista",0
"2006-10","2006-10-1","Cidade Kemel I",1
"2006-51","2006-51-0","Cid. Kemel (circular)",0
"2007-10","2007-10-0","Sao Miguel",0
"2007-10","2007-10-1","Cidade Kemel Ii",1
"2007-21","2007-21-0","Cidade Kemel Ii",0
"2008-10","2008-10-0","Estacao Itaim",0
"2008-10","2008-10-1","Jd. Nsa.sra. Caminho",1
"2008-41","2008-41-0","Itaim Paulista",0
"2008-41","2008-41-1","Jd. Miriam",1
"2009-10","2009-10-0","Guaianazes",0
"2009-10","2009-10-1","Jd. Robru",1
"2010-10","2010-10-0","Metrô Tietê (circular)",0
"2010-21","2010-21-0","Metrô Santana",0
"2010-31","2010-31-0","Metrô Carandiru",0
"2011-10","2011-10-0","Metrô Santana",0
"2011-10","2011-10-1","Edu Chaves",1
"2016-10","2016-10-0","Sao Miguel",0
"2016-10","2016-10-1","Jd. Das Oliveiras",1
"2017-10","2017-10-0","Sao Miguel (circ.)",0
"2018-10","2018-10-0","Sao Miguel(circular)",0
"2019-10","2019-10-0","Shopping Penha",0
"2019-10","2019-10-1","Pq. Paineiras",1
"2021-10","2021-10-0","Estacao Guaianazes",0
"2021-10","2021-10-1","Jd. Bandeirantes",1
"2022-10","2022-10-0","Term. A.e. Carvalho",0
"2022-10","2022-10-1","Jd. Dos Ipes",1
"2022-51","2022-51-0","Pq. D. Pedro Ii",0
"2022-51","2022-51-1","Jd. Dos Ipes",1
"2031-10","2031-10-0","Term. A.e. Carvalho",0
"2031-10","2031-10-1","Cidade Kemel Ii",1
"2041-10","2041-10-0","Term. Penha",0
"2041-10","2041-10-1","Vila Nova Silvia",1
"2058-10","2058-10-0","Guaianazes",0
"2058-10","2058-10-1","Term. Sao Miguel",1
"2059-10","2059-10-0","Guaianazes",0
"2059-10","2059-10-1","Sao Miguel",1
"2060-10","2060-10-0","Metro Artur Alvim",0
"2076-10","2076-10-0","Term. Penha",0
"2076-10","2076-10-1","Jd. Oliveiras",1
"2079-10","2079-10-0","Estação Itaim Paulista (circular)",0
"2080-10","2080-10-0","Term. Aricanduva",0
"2080-10","2080-10-1","Cid. Kemel",1
"2088-10","2088-10-0","Term. A.e. Carvalho",0
"2088-10","2088-10-1","Conj. Encosta Norte",1
"208V-10","208V-10-0","Pq. D. Pedro Ii",0
"208V-10","208V-10-1","Term. A.e.carvalho",1
"208V-51","208V-51-0","Term. Amaral Gurgel",0
"208V-51","208V-51-1","Term. A. E. Carvalho",1
"209C-10","209C-10-0","Vila Madalena",0
"209C-10","209C-10-1","Metrô Santana",1
"2100-10","2100-10-0","Pca. Da Sé",0
"2100-10","2100-10-1","Term. Vila Carrão",1
"2101-10","2101-10-0","Pça. Da Sé",0
"2101-41","2101-41-0","Vila Prudente",0
"2103-10","2103-10-0","Pca. Do Correio",0
"2103-10","2103-10-1","Jd. Brasil",1
"211V-10","211V-10-0","Penha (circular)",0
"2123-10","2123-10-0","Metro Liberdade",0
"2123-10","2123-10-1","Vila Medeiros",1
"2127-10","2127-10-0","Metro Liberdade",0
"213C-10","213C-10-0","Vila California",0
"213C-10","213C-10-1","Itaim Paulista",1
"213C-31","213C-31-0","Vila California",0
"213C-31","213C-31-1","Itaim Paulista",1
"2161-10","2161-10-0","Praça Do Correio ",0
"2161-10","2161-10-1","Parque Edu Chaves",1
"2171-10","2171-10-0","Pq. D.pedro Ii",0
"2175-10","2175-10-0","Pça. Da Sé",0
"2175-31","2175-31-0","Pça. Da Sé",0
"2182-10","2182-10-0","Praça Do Correio",0
"2182-10","2182-10-1","Jardim Brasil",1
"2191-10","2191-10-0","Term. Pq. D.pedro Ii",0
"2191-10","2191-10-1","Shop. C.l.aricanduva",1
"2201-10","2201-10-0","Guaianazes",0
"2201-10","2201-10-1","Divisa De Ferraz",1
"2202-10","2202-10-0","Guaianazes",0
"2202-10","2202-10-1","Hospital Itaim",1
"2203-10","2203-10-0","Shopping Penha",0
"2203-10","2203-10-1","Burgo Paulista",1
"2290-10","2290-10-0","Term. Pq. D. Pedro Ii",0
"2290-10","2290-10-1","Term. São Mateus",1
"2290-21","2290-21-0","Term. Pq. D. Pedro Ii",0
"2291-10","2291-10-0","Pça. Da República",0
"2296-10","2296-10-0","Term. Pq. D.pedro Ii",0
"2296-10","2296-10-1","Jd. Marilia",1
"233A-10","233A-10-0","Ceret",0
"233A-10","233A-10-1","Jd. Helena",1
"233C-10","233C-10-0","Ceret",0
"233C-10","233C-10-1","Term. A.e. Carvalho",1
"234A-10","234A-10-0","Jd. Helena",0
"234A-10","234A-10-1","Term. A.e. Carvalho",1
"2363-10","2363-10-0","Terminal Pq. D. Pedro Ii",0
"2363-10","2363-10-1","Jd. Danfer",1
"2435-10","2435-10-0","Term. Aricanduva",0
"2435-10","2435-10-1","Jd. Coimbra",1
"2435-51","2435-51-0","Term. Amaral Gurgel",0
"2435-51","2435-51-1","Term. A. E. Carvalho",1
"2451-10","2451-10-0","Term. Aricanduva",0
"2451-10","2451-10-1","Vila Sao Francisco",1
"2460-10","2460-10-0","Term. Pq. D.pedro Ii",0
"2460-10","2460-10-1","Cemiterio Da Saudade",1
"2463-10","2463-10-0","Term. Aricanduva",0
"2463-10","2463-10-1","Burgo Paulista",1
"2501-10","2501-10-0","Metrô Carrão",0
"2501-10","2501-10-1","Ermelino Matarazzo",1
"2522-10","2522-10-0","Metrô Itaquera (circular)",0
"2523-10","2523-10-0","Term.princesa Isabel",0
"2523-10","2523-10-1","Vila Progresso",1
"2523-21","2523-21-0","Term. Princ. Isabel",0
"253F-10","253F-10-0","Term. Sao Mateus",0
"253F-10","253F-10-1","Term. A.e. Carvalho",1
"2551-10","2551-10-0","Term. Pq. D.pedro Ii",0
"2551-10","2551-10-1","Term. A.e. Carvalho",1
"2552-10","2552-10-0","Term. Pq. D.pedro Ii",0
"2552-10","2552-10-1","Vila Mara",1
"2552-41","2552-41-0","Term. Pq. D.pedro Ii",0
"2552-41","2552-41-1","Jd. São Martinho",1
"2582-10","2582-10-0","Term. Pq. D.pedro Ii",0
"2582-10","2582-10-1","Vila Nova Curuca",1
"2582-21","2582-21-0","Term. Pq. D.pedro Ii",0
"2583-10","2583-10-0","Term. Aricanduva",0
"2583-10","2583-10-1","Vila Curuca",1
"2590-10","2590-10-0","Pq. D. Pedro Ii",0
"2590-10","2590-10-1","Uniao De Vila Nova",1
"2590-21","2590-21-0","Pq. D. Pedro Ii",0
"2626-10","2626-10-0","Term. Pq. D.pedro Ii",0
"2626-10","2626-10-1","Jd. Nazare",1
"2628-10","2628-10-0","Term. Aricanduva",0
"2628-10","2628-10-1","Jd. Nazare",1
"263C-10","263C-10-0","Cohab Ii",0
"263C-10","263C-10-1","Jd. Helena",1
"263J-10","263J-10-0","Conj. Jose Bonifacio",0
"263J-10","263J-10-1","Penha",1
"2666-10","2666-10-0","Term. Pq. D.pedro Ii",0
"2666-10","2666-10-1","Jd. Camargo Velho",1
"2666-21","2666-21-0","Term. Pq. D.pedro Ii",0
"2666-51","2666-51-0","Term. A. E. Carvalho",0
"2666-51","2666-51-1","Jd. Camargo Velho",1
"2678-10","2678-10-0","Term. Pq. D.pedro Ii",0
"2678-10","2678-10-1","Oliveirinha",1
"2678-41","2678-41-0","Term. Pq. D. Pedro Ii",0
"2678-51","2678-51-0","Term. A. E. Carvalho",0
"2678-51","2678-51-1","Oliveirinha",1
"2702-10","2702-10-0","Metro Artur Alvim",0
"2702-10","2702-10-1","Vila Americana",1
"2702-21","2702-21-0","Metro Artur Alvim",0
"2703-10","2703-10-0","Metro Itaquera",0
"2703-10","2703-10-1","Jd. Etelvina",1
"2703-21","2703-21-0","Metro Itaquera",0
"2703-22","2703-22-0","Metro Itaquera",0
"2704-10","2704-10-0","Metro Itaquera",0
"2704-10","2704-10-1","Jd. Robru",1
"2705-10","2705-10-0","Metro Itaquera",0
"2705-10","2705-10-1","Jd. Fanganielo",1
"2706-10","2706-10-0","Metro Vila Matilde",0
"2706-10","2706-10-1","Cemiterio Da Saudade",1
"2707-10","2707-10-0","Metro Itaquera",0
"2707-10","2707-10-1","Chabilandia",1
"2707-31","2707-31-0","Metro Itaquera",0
"2708-10","2708-10-0","Metro Itaquera",0
"2708-10","2708-10-1","Jd. Lajeado",1
"2709-10","2709-10-0","Metro Patriarca",0
"2709-10","2709-10-1","Vila Uniao",1
"2709-31","2709-31-0","Metro Patriarca",0
"2709-31","2709-31-1","Vila Uniao",1
"2710-10","2710-10-0","Burgo Paulista",0
"2710-31","2710-31-0","Vila Sao Francisco",0
"2711-10","2711-10-0","Metro Patriarca",0
"2711-10","2711-10-1","Ponte Rasa",1
"2712-10","2712-10-0","Shop. Metrô Itaquera (circular)",0
"2713-10","2713-10-0","Chacara Bela Vista",0
"2714-10","2714-10-0","Vila Rui Barbosa",0
"2715-10","2715-10-0","Metro Patriarca",0
"2715-10","2715-10-1","Vila Silvia",1
"2716-10","2716-10-0","Metro Penha",0
"2716-10","2716-10-1","Chac. Cruz. Do Sul",1
"2717-10","2717-10-0","Cangaíba",0
"2718-10","2718-10-0","Metro Penha",0
"2718-10","2718-10-1","Vila Silvia",1
"2719-10","2719-10-0","Metro Vila Matilde",0
"2719-10","2719-10-1","Ermelino Matarazzo",1
"271A-10","271A-10-0","Metro Santana",0
"271A-10","271A-10-1","Term. Penha",1
"271A-51","271A-51-0","Metro Santana",0
"271A-51","271A-51-1","Cangaiba",1
"271C-10","271C-10-0","Term Princ Isabel",0
"271F-10","271F-10-0","Metro Belem     ",0
"271F-10","271F-10-1","Shop. Center Norte",1
"271M-10","271M-10-0","Metro Santana",0
"271M-10","271M-10-1","Pq. Novo Mundo",1
"271P-10","271P-10-0","Est. Da Luz",0
"271P-10","271P-10-1","Cangaiba",1
"2720-10","2720-10-0","Metro Guilhermina",0
"2720-10","2720-10-1","Jd. Belem",1
"2720-31","2720-31-0","Metro Guilhermina",0
"2720-31","2720-31-1","Jd. Belem",1
"2721-10","2721-10-0","Metro Itaquera",0
"2721-10","2721-10-1","Jd. Nazare",1
"2722-10","2722-10-0","Metro Guilhermina",0
"2722-10","2722-10-1","Jd. Veronia",1
"2722-31","2722-31-0","Metro Guilhermina",0
"2722-31","2722-31-1","Jd. Veronia",1
"2723-10","2723-10-0","Metro Itaquera",0
"2723-10","2723-10-1","Uniao De Vila Nova",1
"2724-10","2724-10-0","Conj. Araucaria",0
"2725-10","2725-10-0","Metro Artur Alvim",0
"2725-10","2725-10-1","Jd. Sao Carlos",1
"2726-10","2726-10-0","Metro Penha",0
"2726-10","2726-10-1","Limoeiro",1
"2727-10","2727-10-0","Conj. A. E. Carvalho",0
"2728-10","2728-10-0","Metro Penha",0
"2728-10","2728-10-1","Jd. Do Castelo",1
"272N-10","272N-10-0","Pq. D.pedro Ii",0
"2730-10","2730-10-0","Metro Artur Alvim",0
"2730-10","2730-10-1","Vila Jacui",1
"2731-10","2731-10-0","Metro Itaquera",0
"2731-10","2731-10-1","Vila Progresso",1
"2732-10","2732-10-0","Vila Regina (circular)",0
"2733-10","2733-10-0","Metro Itaquera",0
"2733-10","2733-10-1","Pq. Guarani",1
"2734-10","2734-10-0","Metro Itaquera",0
"2734-10","2734-10-1","Jd. Campos",1
"2735-10","2735-10-0","Metro Penha",0
"2735-10","2735-10-1","Jd. Keralux",1
"2736-10","2736-10-0","Metro Penha",0
"2736-10","2736-10-1","Ermelino Matarazzo",1
"273D-10","273D-10-0","Metro Artur Alvim",0
"273D-10","273D-10-1","Pq. D. Joao Nery",1
"273F-10","273F-10-0","Metro Itaquera",0
"273G-10","273G-10-0","Metro Artur Alvim",0
"273G-10","273G-10-1","Jd. Helena",1
"273G-21","273G-21-0","Metrô Artur Alvim",0
"273J-10","273J-10-0","Metro Penha",0
"273J-10","273J-10-1","Jd. Romano",1
"273L-10","273L-10-0","Metro Artur Alvim",0
"273L-10","273L-10-1","Jd. Moreno",1
"273N-10","273N-10-0","Metro Vila Matilde",0
"273N-10","273N-10-1","Cidade Kemel Ii",1
"273N-41","273N-41-0","Metro Vila Matilde",0
"273R-10","273R-10-0","Metro Artur Alvim",0
"273R-10","273R-10-1","Jd. Robru",1
"273R-42","273R-42-0","Metro Itaquera",0
"273R-51","273R-51-0","Term. A. E. Carvalho",0
"273R-51","273R-51-1","Jd. Robru",1
"273V-10","273V-10-0","Metro Penha",0
"273V-10","273V-10-1","Parada Xv Novembro",1
"273X-10","273X-10-0","Metro Artur Alvim",0
"273X-10","273X-10-1","Jd. Das Oliveiras",1
"2740-10","2740-10-0","Metrô Santana",0
"2740-10","2740-10-1","Pedra Branca",1
"2740-41","2740-41-0","Metrô Parada Inglesa",0
"2740-41","2740-41-1","Horto Florestal",1
"274P-10","274P-10-0","Metro Vila Mariana",0
"274P-10","274P-10-1","Penha",1
"2755-10","2755-10-0","Metro Penha",0
"2755-10","2755-10-1","Guaianazes",1
"2755-51","2755-51-0","Term. A.e. Carvalho",0
"2755-51","2755-51-1","Guaianazes",1
"2756-10","2756-10-0","Metro Patriarca",0
"2756-10","2756-10-1","Guaianazes",1
"2762-10","2762-10-0","Metro Tatuape",0
"2762-10","2762-10-1","Ermelino Matarazzo",1
"2765-10","2765-10-0","Metro Tatuape",0
"2765-10","2765-10-1","Vila Cisper",1
"2766-10","2766-10-0","Metro Itaquera",0
"2766-10","2766-10-1","Jd. Camargo Velho",1
"2766-41","2766-41-0","Metro Itaquera",0
"2767-10","2767-10-0","Metro Tatuape",0
"2767-10","2767-10-1","Cid. Pedro J. Nunes",1
"2768-10","2768-10-0","Metro Penha",0
"2768-10","2768-10-1","Vila Mara",1
"2769-10","2769-10-0","Metro Tatuape",0
"2769-10","2769-10-1","Jd. Romano",1
"2770-10","2770-10-0","Metro Vila Matilde",0
"2770-10","2770-10-1","Estação José Bonifácio",1
"2772-10","2772-10-0","Metro Penha",0
"2772-10","2772-10-1","Jd. Nazare",1
"2780-10","2780-10-0","Metro Itaquera",0
"2780-10","2780-10-1","Jd. Camargo Novo",1
"278A-10","278A-10-0","Penha  ",0
"278A-10","278A-10-1","Metrô Santana",1
"297A-10","297A-10-0","Metro Barra Funda",0
"297A-10","297A-10-1","Limão",1
"3001-10","3001-10-0","Term. São Miguel",0
"3001-10","3001-10-1","Itaim Paulista",1
"3002-10","3002-10-0","Sao Miguel",0
"3002-10","3002-10-1","Jd. Mabel",1
"3003-10","3003-10-0","Cptm Vila Mara/itaim (circular)",0
"3004-10","3004-10-0","Cptm Vila Mara/itaim (circular)",0
"3006-10","3006-10-0","Estação Cptm Guaianazes (circ.)",0
"3013-10","3013-10-0","Metalurgicos",0
"3019-10","3019-10-0","Vila Paulista I",0
"3020-10","3020-10-0","Shop.c.l. Aricanduva",0
"3020-10","3020-10-1","V. Cosmopolita",1
"3020-31","3020-31-0","Shop.c.l. Aricanduva",0
"3020-31","3020-31-1","Conj. Jose Bonifacio",1
"3021-10","3021-10-0","Vila Prudente",0
"3021-10","3021-10-1","Pq. Bancario",1
"3023-10","3023-10-0","Shop. Aricanduva",0
"3023-10","3023-10-1","Pq. Sao Rafael",1
"3024-10","3024-10-0","Vila Prudente",0
"3024-10","3024-10-1","Vila Industrial",1
"3025-10","3025-10-0","Est. Guaianazes-cptm",0
"3025-10","3025-10-1","Jd. Wilma Flor",1
"3026-10","3026-10-0","Est.guaianazes-cptm",0
"3026-10","3026-10-1","Vila Iolanda Ii",1
"3027-10","3027-10-0","Shop. Aricanduva",0
"3027-10","3027-10-1","Vila Minerva",1
"3029-10","3029-10-0","Metro Tatuape",0
"3029-10","3029-10-1","Jd. Das Rosas",1
"3031-10","3031-10-0","Metrô Itaquera",0
"3031-10","3031-10-1","Jd. Alto Paulistano",1
"3032-10","3032-10-0","Circular",0
"3033-10","3033-10-0","Sao Mateus",0
"3033-10","3033-10-1","Guaianazes",1
"3033-41","3033-41-0","Pq. Boa Esperança",0
"3046-10","3046-10-0","Tatuape",0
"3046-10","3046-10-1","Vila Guarani",1
"3053-10","3053-10-0","Metro Belem",0
"3053-10","3053-10-1","Jd. Itapolis",1
"3054-10","3054-10-0","Hosp. Sapopemba",0
"3054-10","3054-10-1","Jd. Palanque",1
"3056-10","3056-10-0","Term. Sao Mateus",0
"3056-10","3056-10-1","Jd. Da Conquista",1
"3059-10","3059-10-0","Term. São Mateus",0
"3059-10","3059-10-1","Vila Yolanda",1
"3063-10","3063-10-0","Term. Sao Mateus",0
"3063-10","3063-10-1","Guaianazes",1
"3063-41","3063-41-0","Term. Sao Mateus",0
"3063-41","3063-41-1","Guaianazes",1
"3064-10","3064-10-0","Est. Guaianazes-cptm",0
"3064-10","3064-10-1","Cid. Tiradentes",1
"3064-41","3064-41-0","Santa Etelvina Ii B6",0
"3065-10","3065-10-0","Term. Sao Mateus",0
"3065-10","3065-10-1","Cid. Tiradentes",1
"3066-10","3066-10-0","Vila Yolanda",0
"3069-10","3069-10-0","Term. Sao Mateus",0
"3069-10","3069-10-1","Jd.recanto Verde Sol",1
"307C-10","307C-10-0","Metro Artur Alvim",0
"307C-10","307C-10-1","Conj.encosta Norte",1
"3098-10","3098-10-0","Shop. Aricanduva",0
"3098-10","3098-10-1","Jardim Sao Francisco",1
"3098-31","3098-31-0","Shop. Aricanduva (via Jd. Elisabeth)",0
"3098-31","3098-31-1","Jardim Sao Francisco ",1
"3099-10","3099-10-0","Jd. Da Conquista",0
"3099-10","3099-10-1","Hospital Sao Mateus",1
"309N-10","309N-10-0","Term. Pq. D. Pedro Ii",0
"309N-10","309N-10-1","Jd. Iv Centenário",1
"309T-10","309T-10-0","Term. Pq. D. Pedro Ii",0
"309T-10","309T-10-1","Cidade Tiradentes",1
"309T-22","309T-22-0","Term. Pq. D. Pedro Ii",0
"309T-23","309T-23-0","Term. Pq. D. Pedro Ii",0
"3112-10","3112-10-0","Metro Belem",0
"3112-10","3112-10-1","Vila Industrial",1
"311C-10","311C-10-0","Bom Retiro",0
"311C-10","311C-10-1","Pq. Sao Lucas",1
"3129-10","3129-10-0","Term. Pq.d. Pedro Ii",0
"3129-10","3129-10-1","Cj. Manoel Da Nobrega",1
"312N-10","312N-10-0","São Miguel Paulista",0
"312N-10","312N-10-1","Term. Cid. Tiradentes",1
"312T-10","312T-10-0","Lgo. Da Concordia",0
"312T-10","312T-10-1","Guaianazes",1
"312T-51","312T-51-0","Pq. D.pedro Ii",0
"312T-51","312T-51-1","Guaianazes",1
"3134-10","3134-10-0","Metrô Tamanduateí",0
"3134-10","3134-10-1","Shop. Aricanduva",1
"3139-10","3139-10-0","Pça João Mendes ",0
"3139-10","3139-10-1","Jd. Vila Formosa",1
"3139-31","3139-31-0","Praça Da República",0
"3141-10","3141-10-0","Term. Pq. D.pedro Ii",0
"3141-10","3141-10-1","Term. Sao Mateus",1
"314J-10","314J-10-0","Metro Liberdade",0
"314J-10","314J-10-1","Santa Madalena",1
"314V-10","314V-10-0","Metro Liberdade",0
"314V-10","314V-10-1","Vila Ema",1
"3160-10","3160-10-0","Term. Pq. D. Pedro Ii",0
"3160-10","3160-10-1","Term. Vila Prudente",1
"3161-10","3161-10-0","Term. Pq. D.pedro Ii",0
"3161-10","3161-10-1","Jd. Colorado",1
"3161-21","3161-21-0","Mooca",0
"3206-10","3206-10-0","Conj. Chaparral",0
"3222-10","3222-10-0","Term. Pq. D.pedro Ii",0
"3222-10","3222-10-1","Jd. Marilia",1
"3301-10","3301-10-0","Term. Pq. D. Pedro Ll",0
"3301-10","3301-10-1","Term. São Miguel",1
"3306-10","3306-10-0","Pq. D. Pedro Ii",0
"3306-10","3306-10-1","Itaquera",1
"3310-10","3310-10-0","Cidade Tiradentes (circular)",0
"3354-10","3354-10-0","Term. Pq. D.pedro Ii",0
"3354-10","3354-10-1","Jd. Colonial",1
"3390-10","3390-10-0","Term. Pq. D.pedro Ii",0
"3390-10","3390-10-1","Term. São Mateus",1
"3391-10","3391-10-0","Term. Pq. D.pedro Ii",0
"3391-10","3391-10-1","Term. São Mateus",1
"3391-31","3391-31-0","Term. Pq. D.pedro Ii",0
"3391-31","3391-31-1","Term. São Mateus",1
"3391-32","3391-32-1","Term. São Mateus",1
"3406-10","3406-10-0","Term. Pq. D.pedro Ii",0
"3406-10","3406-10-1","Cohab Juscelino",1
"3407-10","3407-10-0","Term. Pq. D.pedro Ii",0
"3407-10","3407-10-1","Inácio Monteiro",1
"3409-10","3409-10-0","Metrô Patriarca",0
"3409-10","3409-10-1","Inácio Monteiro",1
"3414-10","3414-10-0","Term. Pq. D.pedro Ii",0
"3414-10","3414-10-1","Vila Dalila",1
"342C-10","342C-10-0","Penha",0
"342C-10","342C-10-1","Jd. Marilia",1
"342M-10","342M-10-0","Term. Penha",0
"342M-10","342M-10-1","Term. São Mateus",1
"342N-10","342N-10-0","A. E. Carvalho",0
"342N-10","342N-10-1","Cohab Pres. Juscelino Kubitscheck",1
"3459-10","3459-10-0","Term. Pq. D.pedro Ii",0
"3459-10","3459-10-1","Itaim Paulista",1
"3459-21","3459-21-0","Term. Pq. D.pedro Ii",0
"3459-23","3459-23-0","Itaim Paulista",0
"3459-24","3459-24-0","Term. Pq. D. Pedro Ii",0
"3462-10","3462-10-0","Metrô Tatuapé",0
"3462-10","3462-10-1","Vila Santana",1
"3462-41","3462-41-0","Metrô Tatuapé",0
"351F-10","351F-10-0","Term. Vila Carrao",0
"351F-10","351F-10-1","Jacana",1
"351F-41","351F-41-0","Pq. Novo Mundo",0
"351F-41","351F-41-1","Jacana",1
"352A-10","352A-10-0","Term. Sao Mateus",0
"352A-10","352A-10-1","Jd. Helena",1
"3539-10","3539-10-0","Term. Pq.d. Pedro Ii",0
"3539-10","3539-10-1","Cidade Tiradentes",1
"3539-21","3539-21-0","Term. Pq. D.pedro Ii",0
"354M-10","354M-10-0","Term. São Mateus",0
"354M-10","354M-10-1","Term. São Miguel",1
"3574-10","3574-10-0","Metrô Guilhermina",0
"3574-10","3574-10-1","Jd. Etelvina",1
"3574-31","3574-31-0","E. T. Itaquera",0
"3574-31","3574-31-1","Jd. Etelvina",1
"3574-41","3574-41-0","E. T. Itaquera",0
"364A-10","364A-10-0","Shop. C. L. Aricanduva",0
"364A-10","364A-10-1","Hospital Ipiranga",1
"364A-21","364A-21-0","Metro Vila Prudente",0
"3686-10","3686-10-0","Term. Pq. D.pedro Ii",0
"3686-10","3686-10-1","Jd. Sao Paulo",1
"3701-10","3701-10-0","Metrô Belém",0
"3701-10","3701-10-1","Jd. Da Conquista",1
"3703-10","3703-10-0","Metro Carrao",0
"3703-10","3703-10-1","Jd. Nova Vitoria",1
"3712-10","3712-10-0","Metro Itaquera",0
"3712-10","3712-10-1","Jd. Sao Joao",1
"3712-41","3712-41-0","Metro Itaquera",0
"3712-41","3712-41-1","Jd. Sao Pedro",1
"3718-10","3718-10-0","Nova America",0
"3720-10","3720-10-0","Metrô Tatuapé",0
"3720-10","3720-10-1","Cidade Tiradentes",1
"3720-31","3720-31-1","Cidade Tiradentes",1
"3721-10","3721-10-0","Metro Artur Alvim",0
"3721-10","3721-10-1","Shop.c.l. Aricanduva",1
"3721-41","3721-41-0","Metrô Itaquera",0
"3722-10","3722-10-0","Metro Penha",0
"3722-10","3722-10-1","Cohab Jose Bonifacio",1
"3725-10","3725-10-0","Vila Dalila",0
"3725-41","3725-41-0","Vila Aricanduva",0
"3728-10","3728-10-0","Pq. Savoy City",0
"3728-41","3728-41-0","Pq. Nova Savoy",0
"3729-10","3729-10-0","Metro Carrao",0
"3729-10","3729-10-1","Shop. Aricanduva",1
"372F-10","372F-10-0","Metrô Bresser",0
"372F-10","372F-10-1","Univ. São Judas Tadeu",1
"372R-10","372R-10-0","Metrô Belém",0
"372R-10","372R-10-1","Pq. São Rafael",1
"372U-10","372U-10-0","Metro Tatuape",0
"372U-10","372U-10-1","Vila Santa Isabel",1
"3731-10","3731-10-0","Metro Vila Matilde",0
"3731-10","3731-10-1","Shop. Aricanduva",1
"3732-10","3732-10-0","Metro Itaquera",0
"3732-10","3732-10-1","Estação José Bonifácio",1
"3734-10","3734-10-0","Metro Artur Alvim",0
"3734-10","3734-10-1","Cidade Lider",1
"3735-10","3735-10-0","Jd. Sao Joao ",0
"3735-21","3735-21-0","Jd. Sao Joao",0
"3735-41","3735-41-0","Metrô Artur Alvim",0
"3736-10","3736-10-0","Metrô Artur Alvim",0
"3736-10","3736-10-1","Jd. Nsa. Sra. Do Carmo",1
"3737-10","3737-10-0","Metro Guilher/esper.",0
"3737-10","3737-10-1","Shop. Aricanduva",1
"3737-21","3737-21-0","Metro Guilher/esper.",0
"3737-31","3737-31-0","Circular",0
"3737-41","3737-41-0","Jd. Fernandes",0
"3738-10","3738-10-0","Metro Itaquera",0
"3738-10","3738-10-1","Cohab Juscelino",1
"3738-21","3738-21-0","Metro Itaquera",0
"3739-10","3739-10-0","Metro Itaquera",0
"3739-10","3739-10-1","Recanto Verde Sol",1
"3739-31","3739-31-0","Centro De Itaquera",0
"373L-10","373L-10-0","Metro Itaquera",0
"373L-10","373L-10-1","Jd. Limoeiro",1
"373M-10","373M-10-0","Shop. Metro Tatuape",0
"373M-10","373M-10-1","Jd. Guairaca",1
"373T-10","373T-10-0","Metro Bresser",0
"373T-10","373T-10-1","Jd. Itapolis",1
"3741-10","3741-10-0","Metro Itaquera",0
"3741-10","3741-10-1","Estação Dom Bosco",1
"3742-10","3742-10-0","Metro Itaquera",0
"3742-10","3742-10-1","Jardim  Laranjeira",1
"3743-10","3743-10-0","Metro Itaquera",0
"3743-10","3743-10-1","Sao Mateus",1
"3745-10","3745-10-0","Tatuapé",0
"3745-10","3745-10-1","Jd. Imperador",1
"3746-10","3746-10-0","Metro Belem",0
"3746-10","3746-10-1","Jd. Imperador",1
"3746-31","3746-31-0","Metro Belem",0
"3746-31","3746-31-1","Jd. Imperador",1
"3749-10","3749-10-0","Term. Vila Carrao",0
"3749-10","3749-10-1","Guaianazes",1
"374M-10","374M-10-0","Metrô Itaquera",0
"374T-10","374T-10-0","Metrô Vergueiro",0
"374T-10","374T-10-1","Cidade Tiradentes",1
"374V-10","374V-10-0","Metro Itaquera",0
"374V-10","374V-10-1","Vila Verde",1
"3750-10","3750-10-0","Metro Belem",0
"3750-10","3750-10-1","Conj. Jose Bonifacio",1
"3751-10","3751-10-0","Metro Itaquera",0
"3751-10","3751-10-1","Cohab Prestes Maia",1
"3751-21","3751-21-0","Metro Itaquera",0
"3754-10","3754-10-0","Metro Itaquera",0
"3754-10","3754-10-1","Inacio Monteiro",1
"3754-31","3754-31-0","Metro Itaquera",0
"3754-31","3754-31-1","Jardim Redil",1
"3756-10","3756-10-0","Metro Itaquera",0
"3756-10","3756-10-1","Barro Branco",1
"3756-21","3756-21-0","Metro Itaquera",0
"375V-10","375V-10-0","Metro Alto Do Ipiranga",0
"3760-10","3760-10-0","Metrô Tatuapé",0
"3760-10","3760-10-1","Jardim Cibele",1
"3760-42","3760-42-0","Metrô Tatuapé",0
"3760-42","3760-42-1","Jd. N. Sra. Do Carmo",1
"3761-10","3761-10-0","Metro Carrao",0
"3761-10","3761-10-1","3a. Divisao",1
"3762-10","3762-10-0","Metro Tatuape",0
"3762-10","3762-10-1","Jardim Iva",1
"3763-10","3763-10-0","Metro Tatuape",0
"3763-10","3763-10-1","Term. Vila Carrao",1
"3764-10","3764-10-0","Metrô Tatuapé",0
"3764-10","3764-10-1","Jd. Vila Carrão",1
"3764-21","3764-21-0","Metrô Tatuapé",0
"3765-10","3765-10-0","Metro Carrao",0
"3765-10","3765-10-1","Jd. Santo Andre",1
"3766-10","3766-10-0","Metro Itaquera",0
"3766-10","3766-10-1","Cohab Ii",1
"3768-10","3768-10-0","Metro Itaquera",0
"3768-10","3768-10-1","Vila Yolanda",1
"3773-10","3773-10-0","Metro Carrao",0
"3773-10","3773-10-1","Res. Santa Barbara",1
"3775-10","3775-10-0","Metrô Carrão",0
"3775-10","3775-10-1","Jd. Rodolfo Pirani",1
"3775-51","3775-51-0","Metrô Carrão",0
"3775-51","3775-51-1","Jd. Rodolfo Pirani",1
"3778-10","3778-10-0","Metro Carrao",0
"3778-10","3778-10-1","Jd. Santa Terezinha",1
"3781-10","3781-10-0","Metrô Penha",0
"3781-10","3781-10-1","Cidade Tiradentes",1
"3785-10","3785-10-0","Metro Itaquera",0
"3785-10","3785-10-1","Cohab Barro Branco",1
"3786-10","3786-10-0","Metro Itaquera",0
"3786-10","3786-10-1","Cidade Tiradentes",1
"3787-10","3787-10-0","Metro Itaquera",0
"3787-10","3787-10-1","Cid. Tiradentes",1
"3789-10","3789-10-0","Metro Itaquera",0
"3789-10","3789-10-1","Cid. Tiradentes",1
"3790-10","3790-10-0","Metro Guilherm/esper",0
"3790-10","3790-10-1","Barro Branco",1
"3791-10","3791-10-0","Metro Artur Alvim",0
"3791-10","3791-10-1","Shopping Aricanduva",1
"3793-10","3793-10-0","Metro Penha",0
"3793-10","3793-10-1","Cid. Tiradentes",1
"3795-10","3795-10-0","Metro Itaquera",0
"3795-10","3795-10-1","Jd. Sao Carlos",1
"3796-10","3796-10-0","Metro Itaquera",0
"3796-10","3796-10-1","Gleba Do Pessego",1
"3901-10","3901-10-0","Metro Penha",0
"3901-10","3901-10-1","Jd. Danfer",1
"3902-10","3902-10-0","Guaianazes",0
"3902-10","3902-10-1","Estação Cptm Jd. Romano",1
"3903-10","3903-10-0","Penha",0
"3903-10","3903-10-1","Jd. Vila Nova",1
"390E-10","390E-10-0","Term. Pq. D. Pedro Ii",0
"390E-10","390E-10-1","Term. Penha",1
"393C-10","393C-10-0","Cohab Ii (circular)",0
"393H-10","393H-10-0","Jd. Sto André",0
"4003-10","4003-10-0","E. T. Itaquera",0
"4003-10","4003-10-1","Prestes Maia",1
"4006-10","4006-10-0","Circular",0
"4011-10","4011-10-0","Term. São Mateus",0
"4011-10","4011-10-1","Jd. Limoeiro",1
"4013-10","4013-10-0","Term. São Mateus",0
"4013-10","4013-10-1","Jd. Santo André",1
"4024-10","4024-10-0","E. T. Itaquera",0
"4024-10","4024-10-1","Cohab Fazenda Do Carmo",1
"4025-10","4025-10-0","Metrô Tatuapé",0
"4025-10","4025-10-1","Vila Califórnia",1
"4027-10","4027-10-0","Jd. Santo Andre",0
"4027-10","4027-10-1","Hosp. Sao Mateus",1
"4028-10","4028-10-0","Divisa De Maua",0
"4028-10","4028-10-1","Hosp. Sao Mateus",1
"4029-10","4029-10-0","Vila Prudente",0
"4029-10","4029-10-1","Sao Mateus",1
"4030-10","4030-10-0","Shop. Aricanduva",0
"4030-10","4030-10-1","Fazenda Da Juta",1
"4031-10","4031-10-0","Metro Tamanduatei",0
"4031-10","4031-10-1","Pq. Santa Madalena",1
"4032-10","4032-10-0","Objetivo Unip",0
"4032-10","4032-10-1","Vila Das Merces",1
"4033-10","4033-10-0","Nova Conquista",0
"4033-10","4033-10-1","Jd. Guairacá",1
"4034-10","4034-10-0","Metrô Carrão",0
"4034-10","4034-10-1","Est. José Bonifácio",1
"403A-10","403A-10-0","Term. Penha",0
"403A-10","403A-10-1","Est. José Bonifácio",1
"4051-10","4051-10-0","Cptm Guaianazes",0
"4051-10","4051-10-1","Jd. São Paulo",1
"4052-10","4052-10-0","Metrô Itaquera",0
"4052-10","4052-10-1","Cptm Guaianazes",1
"4053-10","4053-10-0","Cptm José Bonifácio",0
"4054-10","4054-10-0","Metrô Itaquera",0
"407H-10","407H-10-0","Metro Itaquera",0
"407H-10","407H-10-1","Jd. Sao Francisco",1
"407J-10","407J-10-0","Metro Tatuape",0
"407J-10","407J-10-1","Jd. Soares",1
"407M-10","407M-10-0","Praça Da Sé",0
"407Y-10","407Y-10-0","Metrô V. Prudente",0
"4085-10","4085-10-0","Metrô Itaquera",0
"4085-10","4085-10-1","Cohab Fazenda Do Carmo",1
"408A-10","408A-10-0","Cardoso De Almeida",0
"408A-10","408A-10-1","Machado De Assis",1
"4092-10","4092-10-0","Setor Iib",0
"4111-10","4111-10-0","Pca. Da Republica",0
"4112-10","4112-10-0","Pca. Da República",0
"4113-10","4113-10-0","Pca. Da República",0
"4114-10","4114-10-0","Term. Pq. D.pedro Ii",0
"4114-10","4114-10-1","Vila Gumercindo",1
"4114-31","4114-31-0","Term. Pq. D.pedro Ii",0
"4114-31","4114-31-1","Vila Gumercindo",1
"4115-10","4115-10-0","Pca. Da Republica",0
"4120-10","4120-10-0","Term. Pq. D.pedro Ii",0
"4120-10","4120-10-1","Barro Branco Ii",1
"414P-10","414P-10-0","Penha",0
"414P-10","414P-10-1","Vila Industrial",1
"4221-10","4221-10-0","Term. Pq. D.pedro Ii",0
"4221-10","4221-10-1","Jd. Planalto",1
"4222-10","4222-10-0","Mooca",0
"4222-51","4222-51-0","Pca Joao Mendes",0
"4222-51","4222-51-1","Pq. Santa Madalena",1
"425E-10","425E-10-0","Term. Sapopemba/teotonio Vilela",0
"425E-10","425E-10-1","Jd. Ester",1
"4284-10","4284-10-0","Vila Prudente",0
"4286-10","4286-10-0","Vila Prudente",0
"4288-10","4288-10-0","Term. Pq. D.pedro Ii",0
"4288-10","4288-10-1","Pq. Santa Madalena",1
"4310-10","4310-10-0","Term. Pq. D.pedro Ii",0
"4310-10","4310-10-1","E. T. Itaquera",1
"4339-10","4339-10-0","Term. Pq.d.pedro Ii",0
"4339-10","4339-10-1","Cidade Tiradentes",1
"4339-51","4339-51-0","Term. Cidade Tiradentes",0
"4491-10","4491-10-0","Term. Pq. D.pedro Ii",0
"4491-10","4491-10-1","Zoologico",1
"4706-10","4706-10-0","Metro Vila Mariana",0
"4706-10","4706-10-1","Jd. Maria Estela Ii",1
"4708-10","4708-10-0","Metro Vila Mariana",0
"4708-10","4708-10-1","Jd. Climax",1
"4709-10","4709-10-0","Metro Vila Mariana",0
"4709-10","4709-10-1","Jd. São Saverio",1
"4716-10","4716-10-0","Metro Santa Cruz",0
"4716-10","4716-10-1","Sacoma",1
"4717-10","4717-10-0","Metro Saude",0
"4718-10","4718-10-0","Metro Santa Cruz",0
"4721-10","4721-10-0","Term. Jabaquara",0
"4721-10","4721-10-1","Shop. Plaza Sul",1
"4723-10","4723-10-0","Jd. Hercília",0
"4724-10","4724-10-0","V. Nhocune",0
"4725-10","4725-10-0","Shop. C.ibirapuera",0
"4726-10","4726-10-0","Metro Tatuape",0
"4726-10","4726-10-1","Mooca",1
"4726-31","4726-31-0","Metro Tatuape",0
"4727-10","4727-10-0","Metro Pca. Da Arvore",0
"4727-10","4727-10-1","Jd. Climax",1
"4729-10","4729-10-0","Metro Belem",0
"4729-10","4729-10-1","Parque Bancario",1
"4732-10","4732-10-0","Metro Saude",0
"4732-10","4732-10-1","Vila Liviero",1
"4732-31","4732-31-0","Metro Saude",0
"4732-31","4732-31-1","Vila Liviero",1
"4734-10","4734-10-0","Metro Saude",0
"4734-10","4734-10-1","Vila Moraes",1
"4734-21","4734-21-0","Metro Saude",0
"4735-10","4735-10-0","Metro Carrao",0
"4735-10","4735-10-1","Jd. Vera Cruz ",1
"473T-10","473T-10-0","Pq. Sao Jorge",0
"473T-10","473T-10-1","Cambuci",1
"4742-10","4742-10-0","Metro Sao Judas",0
"475M-10","475M-10-0","Term. Amaral Gurgel",0
"475M-10","475M-10-1","Jd. Da Saude",1
"475R-10","475R-10-0","Term. Pq. D.pedro Ii",0
"475R-10","475R-10-1","Jd. Sao Saverio",1
"476A-10","476A-10-0","Terminal Santo Amaro",0
"476A-10","476A-10-1","Ipiranga",1
"476G-10","476G-10-0","Ibirapuera",0
"476G-10","476G-10-1","Jardim Elba",1
"476G-41","476G-41-0","Metro Ana Rosa",0
"476G-41","476G-41-1","Vila Industrial",1
"476L-10","476L-10-0","Circular",0
"477A-10","477A-10-0","Pinheiros",0
"477A-10","477A-10-1","Sacoma",1
"477P-10","477P-10-0","Rio Pequeno",0
"477P-10","477P-10-1","Ipiranga",1
"477U-10","477U-10-0","Metro Vila Mariana",0
"477U-10","477U-10-1","Heliópolis",1
"478P-10","478P-10-0","Pompeia",0
"478P-10","478P-10-1","Sacoma",1
"5010-10","5010-10-0","Santo Amaro",0
"5010-10","5010-10-1","Jabaquara",1
"5011-10","5011-10-0","Santo Amaro",0
"5011-10","5011-10-1","Eldorado",1
"5012-10","5012-10-0","Jabaquara",0
"5012-10","5012-10-1","Vila Guacuri",1
"5012-21","5012-21-0","Jabaquara",0
"5013-10","5013-10-0","Santo Amaro",0
"5013-10","5013-10-1","Jd. Luso",1
"5014-10","5014-10-0","Santo Amaro",0
"5014-10","5014-10-1","Vila Guacuri",1
"5015-10","5015-10-0","Metrô  Jabaquara",0
"5015-10","5015-10-1","Jd. Sao Jorge",1
"5018-10","5018-10-0","Jabaquara",0
"5018-10","5018-10-1","Shopping Interlagos",1
"5018-31","5018-31-0","Jabaquara",0
"5018-31","5018-31-1","Shopping Interlagos",1
"5020-10","5020-10-0","Term. Sacoma",0
"5020-10","5020-10-1","Hospital Heliopolis",1
"5021-10","5021-10-0","Term. Sacoma",0
"5021-10","5021-10-1","Agua Funda",1
"5022-10","5022-10-0","Jabaquara",0
"5022-10","5022-10-1","Vila Sta. Margarida",1
"5024-10","5024-10-0","Santo Amaro",0
"5024-10","5024-10-1"," missionaria",1
"5024-31","5024-31-0","Santo Amaro",0
"5024-31","5024-31-1"," missionaria",1
"5026-10","5026-10-0","Jd. Sao Roberto ",0
"5028-10","5028-10-0","Museu Do Ipiranga ",0
"5029-10","5029-10-0","Term. Sacoma ",0
"5029-10","5029-10-1","Jd. Patente",1
"502J-10","502J-10-0","Metrô Santa Cruz (circular)",0
"502J-21","502J-21-1","Estação Autódromo",1
"502J-22","502J-22-0","Vila Joaniza (circular)",0
"5030-10","5030-10-0","Term. Sacoma",0
"5030-10","5030-10-1","Jd. Maria Estela",1
"5031-10","5031-10-0","Term. Sacoma",0
"5031-10","5031-10-1","Vila Arapua",1
"5031-21","5031-21-0","Term. Sacoma",0
"5031-21","5031-21-1","Vila Cde. Do Pinhal",1
"5032-10","5032-10-0","Term. Sacoma",0
"5032-10","5032-10-1","Vila Arapua",1
"5033-10","5033-10-0","Term. Sacoma",0
"5033-10","5033-10-1","Vila Brasilina",1
"5034-10","5034-10-0","Term. Sacoma",0
"5034-10","5034-10-1","Vila Liviero",1
"5034-31","5034-31-0","Vila Liviero",0
"5035-10","5035-10-0","Term. Sacoma",0
"5035-10","5035-10-1","Vila Arapua",1
"5036-10","5036-10-0","Term. Sacoma",0
"5036-10","5036-10-1","Jd. Celeste",1
"5038-10","5038-10-0","Term. Sacoma",0
"5038-10","5038-10-1","Pq. Bristol",1
"508L-10","508L-10-0","Aclimacao (circ.)",0
"5091-10","5091-10-0","Metrô São Judas (circular)",0
"509J-10","509J-10-0","Pq. Ibirapuera",0
"509J-10","509J-10-1","Jd. Selma",1
"509J-21","509J-21-0","Moema (circular)",0
"509M-10","509M-10-0","Term. Princ. Isabel",0
"509M-10","509M-10-1","Jd. Miriam",1
"509M-21","509M-21-0","Moema",0
"509M-21","509M-21-1","Jd. Miriam",1
"5100-10","5100-10-0","Term. Pq. D. Pedro Ii",0
"5100-10","5100-10-1","Terminal Pinheiros",1
"5101-10","5101-10-0","Term. Pq. D.pedro Ii",0
"5101-10","5101-10-1","Term. Sacomã",1
"5102-10","5102-10-0","Term. Amaral Gurgel",0
"5102-10","5102-10-1","Term. Sacomã",1
"5103-10","5103-10-0","Moema",0
"5103-21","5103-21-0","Metro Sta. Cruz",0
"5104-10","5104-10-0","Pca Da Republica",0
"5104-10","5104-10-1","Term. Sacoma",1
"5105-10","5105-10-0","Term. Mercado ",0
"5105-10","5105-10-1","Term. Sacoma",1
"5106-10","5106-10-0","Lgo. São Francisco (circular)",0
"5106-21","5106-21-0","Shopping Ibirapuera (circular)",0
"5106-31","5106-31-0","Metrô Ana Rosa",0
"5106-31","5106-31-1","Jardim Selma",1
"5107-10","5107-10-0","Term. Correio",0
"5107-10","5107-10-1","Term. Sacoma",1
"5108-10","5108-10-0","Term. Pq. D. Pedro Ii",0
"5108-10","5108-10-1","Jd. Celeste",1
"5109-10","5109-10-0","Term. Mercado",0
"5109-10","5109-10-1","Term. Vila Prudente ",1
"5109-41","5109-41-0","Metro Tamanduatei",0
"5109-41","5109-41-1","Sao Mateus",1
"5109-51","5109-51-0","Term. Mercado",0
"5109-51","5109-51-1","Sao Mateus",1
"5111-10","5111-10-0","Term. Pq.d. Pedro Ii",0
"5111-10","5111-10-1","Term. Sto. Amaro",1
"5119-10","5119-10-0","Lgo. Sao Francisco",0
"5119-10","5119-10-1","Term. Capelinha",1
"5119-22","5119-22-0","Lgo. Sao Francisco",0
"5119-22","5119-22-1","Term. Joao Dias",1
"5119-23","5119-23-0","Instituto Lucy Montoro",0
"5123-10","5123-10-0","Hospital Sao Paulo",0
"5123-10","5123-10-1","Jd. Miriam",1
"5127-10","5127-10-0","Jd. Prudência (circular)",0
"5128-10","5128-10-0","Aeroporto ",0
"5128-10","5128-10-1","Jd. Apurá",1
"5129-10","5129-10-0","Term. Guarapiranga",0
"5129-10","5129-10-1","Jd. Miriam",1
"5129-41","5129-41-0","Santo Amaro",0
"5129-41","5129-41-1","Jd. Miriam",1
"5131-10","5131-10-0","Metrô Brás",0
"5131-10","5131-10-1","Cidade Ademar",1
"513L-10","513L-10-0","Pq. Belem",0
"513L-10","513L-10-1","Term. Sacoma",1
"5141-10","5141-10-0","Term. Correio",0
"5141-10","5141-10-1","Term. Sapopemba/teotônio Vilela",1
"5142-10","5142-10-0","Term. Pq. D.pedro Ii",0
"5142-10","5142-10-1","Term. Sapopemba/teotônio Vilela",1
"5143-10","5143-10-0","Term. Pq. D.pedro Ii",0
"5143-10","5143-10-1","Term. Sapopemba/teotônio Vilela",1
"5143-31","5143-31-0","Term. Pq. D. Pedro Ii",0
"5144-10","5144-10-0","Terminal Princ. Isabel",0
"5144-10","5144-10-1","Term. Sapopemba/teotônio Vilela",1
"5145-10","5145-10-0","Pca. Almeida Jr.",0
"5145-10","5145-10-1","Term. Sapopemba/teotonio Vilela",1
"5145-41","5145-41-0","Pca. Almeida Jr.",0
"5145-41","5145-41-1","Conj. Teotonio Vilela",1
"514T-10","514T-10-0","Jd. Itapolis",0
"514T-10","514T-10-1","Term. Sacoma",1
"514T-21","514T-21-0","Metro Vila Prudente",0
"514T-21","514T-21-1","Jd. Colorado",1
"5154-10","5154-10-0","Est. Da Luz",0
"5154-10","5154-10-1","Term. Sto. Amaro",1
"5164-10","5164-10-0","Lgo. Sao Francisco (circular)",0
"5164-21","5164-21-0","Pq. Do Ibirapuera",0
"5164-41","5164-41-0","Circular",0
"516N-10","516N-10-0","Praça Dom Gastão",0
"5175-10","5175-10-0","Pça. Da Sé",0
"5175-10","5175-10-1","Balneario Sao Fco.",1
"5178-10","5178-10-0","Lgo. Sao Francisco",0
"5178-10","5178-10-1","Jd. Miriam",1
"5178-21","5178-21-0","Parque Ibirapuera",0
"517J-10","517J-10-0","Berrini",0
"517J-10","517J-10-1","Jd. Selma",1
"5185-10","5185-10-0","Pque. D. Pedro Ii",0
"5185-10","5185-10-1","Term. Guarapiranga",1
"5194-10","5194-10-0","Pq. Ibirapuera",0
"524L-10","524L-10-0","Tatuape",0
"524L-10","524L-10-1","Pq. Sao Lucas ",1
"524M-10","524M-10-0","Shop. Aricanduva",0
"524M-10","524M-10-1","Mascarenhas De Morais",1
"527R-10","527R-10-0","Terminal Santo Amaro ",0
"527R-10","527R-10-1","Vila Imperio",1
"5290-10","5290-10-0","Pca. Joao Mendes",0
"5290-10","5290-10-1","Div. Diadema",1
"5290-51","5290-51-0","Term. Amaral Gurgel",0
"5290-51","5290-51-1","Div. Diadema",1
"5300-10","5300-10-0","Term. Pq. D. Pedro Ii",0
"5300-10","5300-10-1","Term. Santo Amaro",1
"5317-10","5317-10-0","Praca Do Correio",0
"5317-10","5317-10-1","Sesc/orion",1
"5318-10","5318-10-0","Praca Da Se",0
"5318-10","5318-10-1","Chacara Santana",1
"5318-21","5318-21-0","Praca Da Se",0
"5318-22","5318-22-0","Chácara Santo Antônio",0
"5362-10","5362-10-0","Pça. Da Sé",0
"5362-10","5362-10-1","Pq. Res. Cocaia",1
"5362-21","5362-21-0","Pça. Da Sé",0
"5362-22","5362-22-0","Pça. Da Sé",0
"5362-23","5362-23-1","Pq. Res. Cocaia",1
"5362-41","5362-41-0","Pq. Do Ibirapuera",0
"5362-41","5362-41-1","Pq. Res. Cocaia",1
"5370-10","5370-10-0","Lgo. Sao Francisco",0
"5370-10","5370-10-1","Terminal Varginha",1
"5370-21","5370-21-0","Pq. Do Ibirapuera",0
"5370-21","5370-21-1","Terminal Varginha",1
"5370-22","5370-22-1","Terminal Varginha",1
"5391-10","5391-10-0","Lgo São Francisco",0
"5391-10","5391-10-1","Term. Jd. Angela",1
"5391-21","5391-21-0","Largo São Francisco",0
"5391-22","5391-22-0","Term. Jd. Angela",0
"546A-10","546A-10-0","Santo Amaro",0
"546A-10","546A-10-1","Jd. Apura",1
"546A-31","546A-31-0","Santo Amaro",0
"546A-31","546A-31-1","Jd. Apura",1
"546J-10","546J-10-0","Sto. Amaro",0
"546J-10","546J-10-1","Jd. Selma",1
"546J-31","546J-31-0","Sto. Amaro",0
"546J-31","546J-31-1","Jd. Selma",1
"546J-41","546J-41-1","Jd. Selma",1
"546L-10","546L-10-0","Terminal Santo Amaro",0
"546L-10","546L-10-1","Jd. Luso",1
"546L-41","546L-41-1","Jd. Luso",1
"546T-10","546T-10-0","Term. Santo Amaro",0
"546T-10","546T-10-1","Vila Guacuri",1
"5611-10","5611-10-0","Pça. João Mendes",0
"5611-10","5611-10-1","Eldorado",1
"5612-10","5612-10-0","Parque Ibirapuera - Circular",0
"5614-10","5614-10-0","Pça. João Mendes",0
"5614-10","5614-10-1","Eldorado",1
"5630-10","5630-10-0","Metro Bras",0
"5630-10","5630-10-1","Terminal Grajaú",1
"5630-21","5630-21-0","Lgo. Sao Francisco",0
"5630-21","5630-21-1","Cidade Dutra",1
"5632-10","5632-10-0","Lgo. Sao Francisco",0
"5632-10","5632-10-1","V. Sao Jose",1
"5632-21","5632-21-0","Lgo. Sao Francisco",0
"5632-51","5632-51-0","Lgo. Sao Francisco",0
"5652-10","5652-10-0","Pça Da Sé",0
"5652-10","5652-10-1","Jd. Iv Centenario",1
"5652-21","5652-21-0","Pça Da Sé",0
"5701-10","5701-10-0","Estacao Berrini",0
"5701-10","5701-10-1","Metro Conceicao",1
"5701-21","5701-21-0","Estacao Berrini",0
"5702-10","5702-10-0","Metro Jabaquara",0
"5702-10","5702-10-1","Refúgio Santa Terezinha",1
"5705-10","5705-10-0","Metro Vergueiro",0
"5705-10","5705-10-1","Term. Sacoma",1
"571T-10","571T-10-0","Shop. Center Norte",0
"571T-10","571T-10-1","Term. Sacoma",1
"573A-10","573A-10-0","Vila Alpina",0
"573H-10","573H-10-0","Metro Bresser",0
"573H-10","573H-10-1","Hosp. Sapopemba",1
"573T-10","573T-10-0","Metro Carrao",0
"573T-10","573T-10-1","Term. Sapopemba/teotonio Vilela",1
"573T-21","573T-21-1","Jd. Tiete",1
"574A-10","574A-10-0","Lgo.cambuci",0
"574A-10","574A-10-1","Americanopolis",1
"574C-10","574C-10-0","Divisa De Sao Caetano",0
"574C-10","574C-10-1","Terminal Sao Mateus",1
"574J-10","574J-10-0","Term. V. Carrao",0
"574J-10","574J-10-1","Metro Conceição",1
"574R-10","574R-10-0","Metro Belem",0
"574R-10","574R-10-1","Term. Sapopemba/teotônio Vilela",1
"574T-10","574T-10-0","Metro Carrao",0
"574T-10","574T-10-1","Term. Sapopemba/teotonio Vilela",1
"574W-10","574W-10-0","Metro Belem",0
"574W-10","574W-10-1","Jd. Walkiria",1
"5752-10","5752-10-0","Metro Conceicao",0
"5752-10","5752-10-1","Vila Missionaria",1
"5757-10","5757-10-0","Metrô Conceicão",0
"5757-10","5757-10-1","Cidade Julia",1
"5757-51","5757-51-0","Metrô Conceição",0
"5757-51","5757-51-1","Pedreira",1
"5759-10","5759-10-0","Metro Conceicao",0
"5759-10","5759-10-1","Pq. Primavera",1
"5759-31","5759-31-0","Metro Conceicao",0
"5759-31","5759-31-1","Pq. Primavera",1
"575A-10","575A-10-0","Shop. Metro Tatuape",0
"575A-10","575A-10-1","Div. São Caetano",1
"575C-10","575C-10-0","Vila Matias",0
"575C-10","575C-10-1","Ipiranga",1
"576C-10","576C-10-0","Term. Santo Amaro",0
"576C-10","576C-10-1","Metro Jabaquara",1
"576J-10","576J-10-0","Sto Amaro",0
"576J-10","576J-10-1","Metro Jabaquara",1
"576M-10","576M-10-0","Terminal Pinheiros",0
"576M-10","576M-10-1","V. Clara",1
"577T-10","577T-10-0","Vila Gomes",0
"577T-10","577T-10-1","Jd. Miriam",1
"5791-10","5791-10-0","Metrô Vergueiro",0
"5791-10","5791-10-1","Eldorado",1
"6000-10","6000-10-0","Term. Sto. Amaro",0
"6000-10","6000-10-1","Term. Parelheiros",1
"6000-21","6000-21-0","Ama",0
"6000-21","6000-21-1","Cidade Dutra",1
"6000-22","6000-22-1","Term. Parelheiros",1
"6001-10","6001-10-0","Term Santo Amaro",0
"6001-10","6001-10-1","Term. Capelinha",1
"6002-10","6002-10-0","Hospital De Pedreira (circular )",0
"6003-10","6003-10-0","Terminal Varginha",0
"6003-10","6003-10-1","Terminal Grajaú",1
"6006-10","6006-10-0","Shopping Interlagos",0
"6006-10","6006-10-1","Jd. Herculano",1
"6007-10","6007-10-0","Term. Sto. Amaro",0
"6007-10","6007-10-1","Pq. Sto. Antonio",1
"6008-10","6008-10-0","Term. Sto. Amaro",0
"6008-10","6008-10-1","Jd. Planalto",1
"6008-21","6008-21-0","Term. Sto. Amaro",0
"6010-10","6010-10-0","Term. Guarapiranga",0
"6010-10","6010-10-1","Chac. Santa Maria",1
"6012-10","6012-10-0","Santo Amaro",0
"6012-10","6012-10-1","Pque. Independência",1
"6012-31","6012-31-0"," jd. Angela  Circular ",0
"6013-10","6013-10-0","Term. Sto. Amaro",0
"6013-10","6013-10-1","Jd. Nakamura",1
"6013-21","6013-21-0","Jd. âNgela",0
"6014-10","6014-10-0","Term. Sto. Amaro",0
"6014-10","6014-10-1","Term. Rod. Jd. Jacira",1
"6015-10","6015-10-0","Santo Amaro",0
"6015-10","6015-10-1","Vila Calu",1
"6016-10","6016-10-0","Terminal Grajaú",0
"6016-10","6016-10-1","Jd. Noronha",1
"6016-31","6016-31-0","Term. Varginha",0
"6016-31","6016-31-1","Jd. Noronha",1
"6016-41","6016-41-0","Terminal Grajaú",0
"6016-41","6016-41-1","Jd. Porto Velho",1
"6017-10","6017-10-0","Santo Amaro",0
"6017-10","6017-10-1","Jd. Nakamura",1
"6019-10","6019-10-0","Jd. Alfredo",0
"6022-10","6022-10-0","Santo Amaro",0
"6022-10","6022-10-1","Pque. Cerejeira",1
"6025-10","6025-10-0","Santo Amaro",0
"6025-10","6025-10-1","Jd. Guaruja",1
"6026-10","6026-10-0","Term. Sto. Amaro",0
"6026-10","6026-10-1","Jd. Icarai",1
"6026-31","6026-31-0","Terminal Santo Amaro",0
"6027-10","6027-10-0","Term. Sto. Amaro",0
"6027-10","6027-10-1","Jd. Grauna",1
"6028-10","6028-10-0","Term. Sto. Amaro",0
"6028-10","6028-10-1","Riviera",1
"6028-31","6028-31-0","Term. Santo Amaro",0
"6030-10","6030-10-0","Term. Sto. Amaro",0
"6030-10","6030-10-1","Unisa-campus 1 Até V.são José",1
"6030-21","6030-21-0","Term. Sto. Amaro",0
"6031-10","6031-10-0","Terminal Grajaú",0
"6031-10","6031-10-1","Jd. Sao Bernardo",1
"6034-10","6034-10-0","Terminal Grajaú",0
"6034-10","6034-10-1","Pq. Res. Cocaia",1
"6035-10","6035-10-0","Santo Amaro",0
"6035-10","6035-10-1","Vila Gilda",1
"6035-21","6035-21-0","Term.guarapiranga",0
"6035-21","6035-21-1","Vila Gilda",1
"6036-10","6036-10-0","Santo Amaro",0
"6036-10","6036-10-1","Jd. Macedonia",1
"6037-10","6037-10-0","Santo Amaro",0
"6037-10","6037-10-1","Jd. Mitsutani",1
"6038-10","6038-10-0","Santo Amaro",0
"6038-10","6038-10-1","Jd. Das Rosas",1
"6039-10","6039-10-0","Santo Amaro",0
"6039-10","6039-10-1","Valo Velho",1
"6040-10","6040-10-0","Itaim Bibi",0
"6041-10","6041-10-0","Santo Amaro",0
"6041-10","6041-10-1","Jd. Jangadeiro",1
"6041-21","6041-21-0","Jd. Monte Azul- Circular",0
"6042-10","6042-10-0","Santo Amaro",0
"6042-10","6042-10-1","Jd. Tres Estrelas",1
"6042-21","6042-21-0","Ceu Capão Redondo",0
"6042-21","6042-21-1","Terminal Capelinha",1
"6043-10","6043-10-0","Term. Santo Amaro",0
"6043-10","6043-10-1","Jd. Capelinha",1
"6044-10","6044-10-0","Term. Santo Amaro",0
"6044-10","6044-10-1","Jd. Dom José",1
"6045-10","6045-10-0","Santo Amaro",0
"6045-10","6045-10-1","Valo Velho",1
"6045-21","6045-21-0","Capão Redondo",0
"6046-10","6046-10-0","Santo Amaro",0
"6046-10","6046-10-1","Jd. Sao Bento Novo",1
"6047-10","6047-10-0","Santo Amaro",0
"6047-10","6047-10-1","Jd. Lidia",1
"6048-10","6048-10-0","Sto. Amaro",0
"6048-10","6048-10-1","Capao Redondo",1
"6049-10","6049-10-0","Santo  Amaro",0
"6049-10","6049-10-1","Valo Velho",1
"6051-10","6051-10-0","Terminal Varginha",0
"6051-10","6051-10-1","Jd. Itajaí",1
"6051-31","6051-31-0","Terminal Varginha",0
"6051-31","6051-31-1","Jd. Itajaí",1
"6052-10","6052-10-0","Terminal Varginha",0
"6052-10","6052-10-1","Jd. Sete De Setembro",1
"6052-31","6052-31-0","Terminal Varginha",0
"6052-31","6052-31-1","Jd. Almeida Prado",1
"6053-10","6053-10-0","Terminal Grajaú",0
"6053-10","6053-10-1","Jd. Ellus",1
"6055-10","6055-10-0","Shop. Interlagos( Circular )",0
"6056-10","6056-10-0","Terminal Grajau",0
"6056-10","6056-10-1","Pq. Santa Cecilia",1
"6056-41","6056-41-0","Terminal Grajau",0
"6057-10","6057-10-0","Term. Grajau",0
"6057-10","6057-10-1","Vila Natal",1
"6057-41","6057-41-0","Term. Grajau",0
"6058-10","6058-10-0","Terminal Varginha",0
"6058-10","6058-10-1","Jd. Noronha",1
"6059-10","6059-10-0","Santo Amaro",0
"6059-10","6059-10-1","Jd. Universal",1
"6061-10","6061-10-0","Terminal Grajaú",0
"6061-10","6061-10-1","Jd. Marilda",1
"6062-10","6062-10-0","Terminal Grajaú",0
"6062-10","6062-10-1","Jd. Castro Alves",1
"6062-51","6062-51-0","Terminal Santo Amaro",0
"6062-51","6062-51-1","Jd. Castro Alves",1
"6063-10","6063-10-0","Terminal Varginha",0
"6063-10","6063-10-1","Jd. Varginha",1
"6063-21","6063-21-0","Terminal Varginha",0
"6063-21","6063-21-1","Jd. Novo Horizonte",1
"6063-41","6063-41-0","Terminal Varginha",0
"6063-41","6063-41-1","Jd. Novo Marilda",1
"6063-42","6063-42-0","Terminal Varginha",0
"6063-42","6063-42-1","Chacara Santo Amaro",1
"6069-10","6069-10-0","Santo Amaro",0
"6069-10","6069-10-1","Jd. Sao Bernardo",1
"6071-10","6071-10-0","Term. Santo Amaro",0
"6071-10","6071-10-1","Jd. Orion",1
"6071-22","6071-22-0","Term. Santo Amaro",0
"6072-10","6072-10-0","Terminal Varginha",0
"6072-10","6072-10-1","Jd. Sao Nicolau",1
"6072-21","6072-21-0","Terminal Varginha",0
"6072-22","6072-22-0","Terminal Varginha",0
"6072-23","6072-23-0","Balneario São José (circular)",0
"6073-10","6073-10-0","Terminal Varginha",0
"6073-10","6073-10-1","Jd. Santa Terezinha",1
"6073-21","6073-21-0","Terminal Varginha",0
"6074-10","6074-10-0","Estacao Jurubatuba",0
"6074-10","6074-10-1","Jd. Gaivotas",1
"6075-10","6075-10-0","Term. Varginha",0
"6075-10","6075-10-1","Jd. Rec. Campo Belo",1
"6075-21","6075-21-0","Terminal Varginha",0
"6075-21","6075-21-1","Jd. Aruan",1
"6075-41","6075-41-0","Term. Varginha",0
"6076-10","6076-10-0","Term. Sto. Amaro",0
"6076-10","6076-10-1","Jd. Progresso",1
"6076-41","6076-41-0","Terminal Santo Amaro",0
"6076-41","6076-41-1","Jd. Satelite Ii",1
"6078-10","6078-10-0","Shop. Interlagos",0
"6078-10","6078-10-1","Cantinho Do Ceu",1
"607A-10","607A-10-0","Socorro",0
"607A-10","607A-10-1","Jd. Apura",1
"607A-21","607A-21-0","Estação Jurubatuba",0
"607A-21","607A-21-1","Jd. Apura",1
"607C-10","607C-10-0","Shopping Morumbi",0
"607C-10","607C-10-1","Jd. Miriam",1
"607G-10","607G-10-0","Shopping Morumbi - Circular",0
"607M-10","607M-10-0","Shopping Morumbi",0
"607M-10","607M-10-1","Terminal Grajau",1
"6080-10","6080-10-0","Shopping Interlagos",0
"6080-10","6080-10-1","Jd. Lucelia",1
"6083-10","6083-10-0","Terminal Grajaú",0
"6083-10","6083-10-1","Jd. Eliana",1
"6084-10","6084-10-0","Term. Varginha",0
"6084-10","6084-10-1","Jd. Chacara Do Sol",1
"6084-21","6084-21-0","Term. Varginha",0
"6091-10","6091-10-0","Term. Santo Amaro",0
"6091-10","6091-10-1","Vargem Grande",1
"6091-21","6091-21-0","Terminal Santo Amaro",0
"6091-51","6091-51-0","Term. Sto. Amaro",0
"6092-10","6092-10-0","Terminal Grajaú",0
"6092-10","6092-10-1","Jd. Das Pedras",1
"6093-10","6093-10-0","Terminal Grajaú",0
"6093-10","6093-10-1","Vargem Grande",1
"6099-10","6099-10-0","Terminal Grajaú",0
"6099-10","6099-10-1","Divisa De Embu Guaçu",1
"609F-10","609F-10-0","Pca. Princ. Isabel",0
"609F-10","609F-10-1","Chacara Santana",1
"609F-21","609F-21-0","Anhangabau",0
"609F-21","609F-21-1","Chacara Santana",1
"6110-10","6110-10-0","Aeroporto",0
"6110-10","6110-10-1","Conj. Hab. Palmares",1
"6115-10","6115-10-0","Terminal Grajau",0
"6115-10","6115-10-1","Cantinho Do Ceu",1
"6116-10","6116-10-0","Terminal Grajaú",0
"6116-10","6116-10-1","Jd. Prainha",1
"6118-10","6118-10-0","Terminal Santo Amaro",0
"6118-10","6118-10-1","Jd. Icarai",1
"6120-10","6120-10-0","Terminal Grajau",0
"6120-10","6120-10-1","Jd. Lucelia",1
"6200-10","6200-10-0","Term. Bandeira",0
"6200-10","6200-10-1","Term. Santo Amaro",1
"6232-10","6232-10-0","Metrô Barra Funda",0
"6232-10","6232-10-1","Pinheiros/vila Ida ",1
"6250-10","6250-10-0","Term. Bandeira",0
"6250-10","6250-10-1","Jd. Jaqueline",1
"6258-10","6258-10-0","Term. Santo Amaro",0
"6258-10","6258-10-1","Jd. Sao Francisco",1
"6258-31","6258-31-0","Jd Ibirapuera",0
"6258-31","6258-31-1","Jd. Santa Margarida",1
"6262-10","6262-10-0","Term. Bandeira",0
"6262-10","6262-10-1","Ceasa",1
"6262-21","6262-21-0","Pinheiros",0
"627J-10","627J-10-0","Metrô São Judas",0
"6291-10","6291-10-0","Term. Bandeira",0
"6291-10","6291-10-1","Inocoop Campo Limpo",1
"6312-10","6312-10-0","Terminal Amaral Gurgel",0
"6312-10","6312-10-1","Jd. Luso",1
"6338-10","6338-10-0","Term. Princ. Isabel",0
"6338-10","6338-10-1","Jd. Miriam",1
"6358-10","6358-10-0","Term. Bandeira",0
"6358-10","6358-10-1","Jd. Luso",1
"6358-41","6358-41-0","Term. Bandeira",0
"6366-10","6366-10-0","Term. Bandeira",0
"6366-10","6366-10-1","Jd. Miriam",1
"637A-10","637A-10-0","Term. Pinheiros",0
"637A-10","637A-10-1","Term. Jd. Angela",1
"637A-21","637A-21-0","Term. Pinheiros",0
"637A-22","637A-22-1","Itaim Bibi",1
"637A-25","637A-25-0","Term. Pinheiros",0
"637A-26","637A-26-0","Term. Pinheiros",0
"637G-10","637G-10-0","Pinheiros",0
"637G-10","637G-10-1","Grajau",1
"637G-51","637G-51-0","Pinheiros",0
"637G-51","637G-51-1","Jd. Eliana",1
"637J-10","637J-10-0","Pinheiros",0
"637J-10","637J-10-1","V. Sao Jose",1
"637P-10","637P-10-0","Term. Pinheiros",0
"637P-10","637P-10-1","Term. Santo Amaro",1
"637R-10","637R-10-0","Terminal Sto Amaro",0
"637R-10","637R-10-1","Jd.aracati",1
"637V-10","637V-10-0","Terminal Santo Amaro",0
"637V-10","637V-10-1","Parque America",1
"6400-10","6400-10-0","Terminal Bandeira",0
"6400-10","6400-10-1","Terminal Joao Dias",1
"6401-10","6401-10-0","Est. Da Luz",0
"6401-10","6401-10-1","V. Olimpia",1
"6403-10","6403-10-0","Term. Pq.d. Pedro Ii",0
"6403-10","6403-10-1","Terminal Joao Dias",1
"6412-10","6412-10-0","Term. Princ. Isabel",0
"6412-10","6412-10-1","Paraisopolis",1
"6414-10","6414-10-0","Term. Bandeira",0
"6414-10","6414-10-1","Socorro",1
"6418-10","6418-10-0","Pça Dom Gastão",0
"6418-31","6418-31-0","Pça Dom Gastão",0
"6422-10","6422-10-0","Term. Bandeira",0
"6422-10","6422-10-1","V. Cruzeiro",1
"6450-10","6450-10-0","Term. Bandeira",0
"6450-10","6450-10-1","Term. Capelinha",1
"6450-21","6450-21-1","Terminal Capelinha",1
"6450-51","6450-51-0","Term. Bandeira",0
"6451-10","6451-10-0","Term. Bandeira",0
"6451-10","6451-10-1","Term. Capelinha",1
"6451-21","6451-21-1","Terminal Capelinha",1
"6455-10","6455-10-0","Lgo. Sao Francisco",0
"6455-10","6455-10-1","Term. Capelinha",1
"6455-21","6455-21-1","Terminal Capelinha",1
"6475-10","6475-10-0","Pca. Da Bandeira",0
"6475-10","6475-10-1","Jd. Vaz De Lima",1
"647A-10","647A-10-0","Pinheiros",0
"647A-10","647A-10-1","Valo Velho",1
"647C-10","647C-10-0","Hosp. Das Clinicas",0
"647C-10","647C-10-1","Term. Joao Dias",1
"647P-10","647P-10-0","Term. Pinheiros",0
"647P-10","647P-10-1","Cohab Adventista",1
"648P-10","648P-10-0","Term. Pinheiros",0
"648P-10","648P-10-1","Term. Capelinha",1
"648P-21","648P-21-1","Term. Capelinha",1
"6500-10","6500-10-0","Term. Bandeira",0
"6500-10","6500-10-1","Term. Sto.amaro",1
"6505-10","6505-10-0","Term. Bandeira",0
"6505-10","6505-10-1","Term. Guarapiranga",1
"669A-10","669A-10-0","Term. Princ. Isabel",0
"669A-10","669A-10-1","Term. Sto. Amaro",1
"6726-10","6726-10-0","Terminal Grajau",0
"6726-10","6726-10-1","Jd. Gaivotas",1
"675A-10","675A-10-0","Metro Sao Judas",0
"675A-10","675A-10-1","Pq. Sto. Antonio",1
"675G-10","675G-10-0","Metro Jabaquara",0
"675G-10","675G-10-1","Pq Res. Cocaia",1
"675G-22","675G-22-1","Parque Res. Cocaia",1
"675G-41","675G-41-0","Metro Jabaquara",0
"675G-41","675G-41-1","Jd. Castro Alves",1
"675I-10","675I-10-0","Metro Sao Judas",0
"675I-10","675I-10-1","Terminal Joao Dias",1
"675K-10","675K-10-0","Metro Sta Cruz",0
"675K-10","675K-10-1","Term. Jd. Angela",1
"675K-21","675K-21-0","Term. Jd. âNgela",0
"675K-23","675K-23-0","Moema",0
"675L-10","675L-10-0","Metro Santa Cruz",0
"675L-10","675L-10-1","Term. Santo Amaro",1
"675M-10","675M-10-0","Metro Jabaquara",0
"675M-10","675M-10-1","Centro Sesc",1
"675N-10","675N-10-0","Metro Ana Rosa",0
"675N-10","675N-10-1","Term. Sto. Amaro",1
"675P-10","675P-10-0","Metro Conceicao",0
"675P-10","675P-10-1","Shopping Sp Market",1
"675R-10","675R-10-0","Metro Jabaquara",0
"675R-10","675R-10-1","Grajau",1
"675V-10","675V-10-0","Metro Jabaquara",0
"675V-10","675V-10-1","Term. Capelinha",1
"675V-21","675V-21-0","Metrô Jabaquara",0
"675X-10","675X-10-0","Metro V. Mariana",0
"675X-10","675X-10-1","Terminal Grajau",1
"675Z-10","675Z-10-0","Metro Jabaquara",0
"675Z-10","675Z-10-1","Jd. Guaruja",1
"677A-10","677A-10-0","Metro Ana Rosa",0
"677A-10","677A-10-1","Term Jd âNgela",1
"677A-23","677A-23-0","Term Jd âNgela",0
"677A-51","677A-51-0","Metrô Ana Rosa",0
"677V-10","677V-10-0","Estação Autódromo",0
"677Y-10","677Y-10-0","Morumbi Shopping",0
"677Y-10","677Y-10-1","Jd. Guaruja",1
"6801-10","6801-10-0","Term. Joao Dias",0
"6801-10","6801-10-1","Jd. Ibirapuera",1
"6801-51","6801-51-0","Term João Dias",0
"6801-51","6801-51-1","Jd. Ibirapuera",1
"6803-10","6803-10-0","Term. Joao Dias",0
"6803-10","6803-10-1","Jd. Capelinha",1
"6804-10","6804-10-0","Term. Joao Dias",0
"6804-10","6804-10-1","Jd. Inga",1
"6805-10","6805-10-0","Term. Joao Dias",0
"6805-10","6805-10-1","Term. Capelinha",1
"6805-31","6805-31-0","Terminal Joao Dias",0
"6805-31","6805-31-1","Terminal Capelinha",1
"6806-10","6806-10-0","Term. Joao Dias",0
"6806-10","6806-10-1","Jd. Novo Oriente",1
"6812-10","6812-10-0","Santo Amaro",0
"6812-10","6812-10-1","Jd. Capela",1
"6813-10","6813-10-0","Term. Capelinha",0
"6813-10","6813-10-1","Jd. Lidia",1
"6815-10","6815-10-0","Term. Capelinha",0
"6815-10","6815-10-1","Jd. Comercial",1
"6816-10","6816-10-0","Term. Capelinha",0
"6816-10","6816-10-1","Jd. Mitsutani",1
"6816-31","6816-31-0","Terminal Capelinha",0
"6816-31","6816-31-1","Jd. Mitsutani",1
"6817-10","6817-10-0","Term. Capelinha",0
"6817-10","6817-10-1","Jd. Sao Bento",1
"6818-10","6818-10-0","Term. Capelinha",0
"6818-10","6818-10-1","Jd Vale Das Virtudes",1
"6820-10","6820-10-0","Term. Capelinha",0
"6820-10","6820-10-1","Jd. Das Rosas",1
"6820-31","6820-31-0","Term. Capelinha",0
"6820-31","6820-31-1","Jd. Das Rosas",1
"6821-10","6821-10-0","Term. Capelinha",0
"6821-10","6821-10-1","Jd. Jangadeiro",1
"6822-10","6822-10-0","Term. Capelinha",0
"6822-10","6822-10-1","Jd. Macedonia",1
"6823-10","6823-10-0","Term. Capelinha",0
"6823-10","6823-10-1","Jd. Guaruja",1
"6824-10","6824-10-0","Term. Capelinha",0
"6824-10","6824-10-1","Pq. Fernanda",1
"6825-10","6825-10-0","Term. Capelinha",0
"6825-10","6825-10-1","Valo Velho",1
"6825-21","6825-21-0","Valo Velho",0
"6826-10","6826-10-0","Term. Capelinha",0
"6826-10","6826-10-1","Jd. Dom José",1
"6827-10","6827-10-0","Valo Velho",0
"6829-10","6829-10-0","Jd. Vaz De Lima",0
"6830-10","6830-10-0","Jd. Irene",0
"6831-10","6831-10-0","Jd. Guaruja",0
"6832-10","6832-10-0","Pq. Arariba",0
"6835-10","6835-10-0","Term. Capelinha",0
"6835-10","6835-10-1","Valo Velho",1
"6835-31","6835-31-0","Term. Capelinha",0
"6835-31","6835-31-1","Valo Velho",1
"6836-10","6836-10-0","Terminal Joao Dias",0
"6836-10","6836-10-1","Capao Redondo",1
"6837-10","6837-10-0","Term. Capelinha",0
"6837-10","6837-10-1","Shop. Portal",1
"6840-10","6840-10-0","Terminal Capelinha",0
"6840-10","6840-10-1","Ter. Rod. J. Jacira",1
"6913-10","6913-10-0","Terminal Bandeira",0
"6913-10","6913-10-1","Terminal Varginha",1
"6913-21","6913-21-0","Itaim Bibi (circular)",0
"695D-10","695D-10-0","Metro Jabaquara",0
"695D-10","695D-10-1","Jd. Sta. Barbara",1
"695H-10","695H-10-0","Metro Pca. Da Arvore",0
"695H-10","695H-10-1","Jd. Herplin",1
"695T-10","695T-10-0","Metro Vila Mariana",0
"695T-10","695T-10-1","Term. Capelinha",1
"695V-10","695V-10-0","Metro Ana Rosa",0
"695V-10","695V-10-1","Terminal Capelinha",1
"695X-10","695X-10-0","Metro Jabaquara",0
"695X-10","695X-10-1","Terminal Varginha",1
"695X-22","695X-22-1","Terminal Varginha",1
"695Y-10","695Y-10-0","Metro Vila Mariana",0
"695Y-10","695Y-10-1","Term. Parelheiros",1
"695Y-22","695Y-22-1","Term. Parelheiros",1
"695Y-41","695Y-41-0","Terminal Parelheiros",0
"695Y-41","695Y-41-1","Colégio Santa Maria",1
"6960-10","6960-10-0","Terminal Santo Amaro",0
"6960-10","6960-10-1","Terminal Varginha",1
"6960-21","6960-21-1","Terminal Varginha",1
"696P-10","696P-10-0","Pinheiros (circular)",0
"6970-10","6970-10-0","Terminal Santo Amaro",0
"6970-10","6970-10-1","Terminal Grajau",1
"6L01-10","6L01-10-0","Terminal Varginha",0
"6L01-10","6L01-10-1","Marsilac",1
"6L01-22","6L01-22-0","Terminal Varginha",0
"6L01-23","6L01-23-0","Terminal Varginha",0
"6L02-10","6L02-10-0","Terminal Parelheiros",0
"6L02-10","6L02-10-1","Jd. Eucaliptos",1
"6L03-10","6L03-10-0","Term. Parelheiros",0
"6L03-10","6L03-10-1","Cipo Do Meio",1
"6L04-10","6L04-10-0","Terminal Parelheiros",0
"6L04-10","6L04-10-1","Jd. Oriental/fontes",1
"6L04-41","6L04-41-0","Terminal Parelheiros",0
"6L04-41","6L04-41-1","Jd. Das Fontes",1
"6L04-42","6L04-42-0","Terminal Parelheiros",0
"6L04-42","6L04-42-1","Jd. Oriental",1
"6L05-10","6L05-10-0","Term. Parelheiros",0
"6L05-10","6L05-10-1","Barragem",1
"6L05-21","6L05-21-0","Terminal Parelheiros",0
"6L07-10","6L07-10-0","Terminal Varginha",0
"6L07-10","6L07-10-1","Jd. Santa Fe",1
"6L08-10","6L08-10-0","Terminal Parelheiros ",0
"6L08-10","6L08-10-1","Jd. São Nicolau",1
"6L10-10","6L10-10-0","Terminal Varginha",0
"6L10-10","6L10-10-1","Pq. Florestal",1
"6L10-41","6L10-41-0","Terminal Varginha",0
"6L10-41","6L10-41-1","Messianica",1
"6L11-10","6L11-10-0","Term. Grajaú",0
"6L11-10","6L11-10-1","Ilha Do Borore",1
"7001-10","7001-10-0","Jd âNgela",0
"7001-10","7001-10-1","Vila Gilda",1
"7002-10","7002-10-0","Hosp. Das Clinicas",0
"7004-10","7004-10-0","Est.sto.amaro/av. Guido Caloi",0
"7004-10","7004-10-1","Term. Rod. Jd. Jacira",1
"7005-10","7005-10-0","Jd.ângela - Circ.",0
"7005-51","7005-51-0","Metrô Capão Redondo ",0
"7005-51","7005-51-1","Jd. Vera Cruz",1
"7006-10","7006-10-0","Jd.ângela Circular",0
"7006-41","7006-41-0","Jd. âNgela Circular",0
"7006-51","7006-51-0","Metrô Capão Redondo",0
"7006-51","7006-51-1","Jd. Horizonte Azul",1
"7009-10","7009-10-0","Jardim âNgela Circular",0
"7011-10","7011-10-0","Jardim âNgela Circular",0
"7011-21","7011-21-0","Jardim Angela (circular)",0
"7011-31","7011-31-0"," jd. Angela Circular",0
"7012-10","7012-10-0","Term. Guarapiranga",0
"7012-10","7012-10-1","Parque Do Lago",1
"7013-10","7013-10-0","Pinheiros",0
"7013-10","7013-10-1","Pq. Arariba",1
"7016-10","7016-10-0","Term. Santo Amaro",0
"7016-10","7016-10-1","Jd. Angela",1
"7016-21","7016-21-0","Term. Sto. Amaro",0
"701A-10","701A-10-0","Metro Vila Madalena",0
"701A-10","701A-10-1","Pq. Edu Chaves",1
"701U-10","701U-10-0","Butanta - Usp",0
"701U-10","701U-10-1","Metrô Santana",1
"7021-10","7021-10-0","Term. João Dias",0
"7021-10","7021-10-1","Jd. Maracá",1
"7022-10","7022-10-0","Term. Sto. Amaro",0
"7022-10","7022-10-1","Jd.caicara",1
"7023-10","7023-10-0","Term. Sto. Amaro",0
"7023-10","7023-10-1","Jd. Nakamura",1
"702C-10","702C-10-0","Metrô Belém",0
"702C-10","702C-10-1","Jd. Bonfiglioli",1
"702U-10","702U-10-0","Term. Pq. D.pedro Ii",0
"702U-10","702U-10-1","Butanta - Usp",1
"702U-21","702U-21-0","Term. Pq. D.pedro Ii",0
"702U-21","702U-21-1","Pinheiros",1
"7040-10","7040-10-0","Pinheiros",0
"7040-10","7040-10-1","Paraisopolis",1
"7040-21","7040-21-0","Pinheiros",0
"7040-21","7040-21-1","Paraisopolis",1
"7049-10","7049-10-0","Terminal Campo Limpo",0
"7049-10","7049-10-1","Parque Do Lago",1
"7050-10","7050-10-0","Term.campo Limpo",0
"7050-10","7050-10-1","Jd. Das Rosas",1
"7051-10","7051-10-0","Terminal Campo Limpo",0
"7051-10","7051-10-1","Jd. Rosana",1
"7052-10","7052-10-0","Terminal Campo Limpo",0
"7052-10","7052-10-1","Jd. Helga",1
"7053-10","7053-10-0","Terminal Campo Limpo",0
"7053-10","7053-10-1","Jd. Macedonia",1
"7053-21","7053-21-0","Terminal Campo Limpo",0
"7053-21","7053-21-1","Jd. Maria Sampaio",1
"7053-22","7053-22-0","Terminal Campo Limpo",0
"7053-22","7053-22-1","Jd. Maria Sampaio",1
"7054-10","7054-10-0","Terminal Campo Limpo",0
"7054-10","7054-10-1","Jd. Macedonia",1
"7055-10","7055-10-0","Term.campo Limpo",0
"7055-10","7055-10-1","Jd. Guarujá",1
"7057-10","7057-10-0","Terminal Campo Limpo",0
"7057-10","7057-10-1","Jd. Mitsutani",1
"7058-10","7058-10-0","Term. Campo Limpo",0
"7058-10","7058-10-1","Jd. Mitsutani",1
"7059-10","7059-10-0","Terminal Campo Limpo",0
"7059-10","7059-10-1","Pq. Do Engenho",1
"7060-10","7060-10-0","Term.campo Limpo",0
"7060-10","7060-10-1","Valo Velho",1
"7062-10","7062-10-0","Term. Campo Limpo",0
"7062-10","7062-10-1","Inocoop Campo Limpo",1
"7062-31","7062-31-0","Term. Campo Limpo",0
"7062-31","7062-31-1","Campo Limpo",1
"7063-10","7063-10-0","Term.campo Limpo",0
"7063-10","7063-10-1","Jd. Macedonia",1
"707A-10","707A-10-0","Metrô Pça. Da áRvore",0
"707A-10","707A-10-1","Jd. âNgela",1
"707A-23","707A-23-0","Moema",0
"707A-51","707A-51-0","Metrô Pça. Da áRvore",0
"7081-10","7081-10-0","Terminal Campo Limpo",0
"7081-10","7081-10-1","Terminal Capelinha",1
"7082-10","7082-10-0","Jd. Horizonte Azul (circular)",0
"7083-10","7083-10-0","Parque Do Lago (circular)",0
"7084-10","7084-10-0","Parque Do Lago (circular)",0
"7085-10","7085-10-0","Jd. Universal (circular)",0
"7086-10","7086-10-0","Jd. Riviera (circular)",0
"709G-10","709G-10-0","Itaim Bibi",0
"709G-10","709G-10-1","Term. Guarapiranga",1
"709P-10","709P-10-0","Term. Pinheiros",0
"709P-10","709P-10-1","Est. Sto. Amaro/av. Guido Caloi",1
"714C-10","714C-10-0","Lgo. Da Polvora",0
"714C-10","714C-10-1","Cohab Educandario",1
"715M-10","715M-10-0","Lgo. Da Polvora",0
"715M-10","715M-10-1","Jd. Maria Luiza",1
"715M-21","715M-21-0","Jd. Maria Luiza",0
"7181-10","7181-10-0","Term. Princ. Isabel",0
"7181-10","7181-10-1","Cidade Universitaria",1
"719P-10","719P-10-0","Metrô Armênia",0
"719P-10","719P-10-1","Terminal Pinheiros",1
"719R-10","719R-10-0","Metro Barra Funda",0
"719R-10","719R-10-1","Rio Pequeno",1
"7228-10","7228-10-0","Pca.ramos De Azevedo",0
"7245-10","7245-10-0","Hosp. Das Clinicas",0
"7245-10","7245-10-1","Term. Sto. Amaro",1
"7267-10","7267-10-0","Pca Ramos De Azevedo",0
"7272-10","7272-10-0","Pca Ramos De Azevedo",0
"7281-10","7281-10-0","Pca.ramos De Azevedo",0
"7282-10","7282-10-0","Pça. Ramos De Azevedo",0
"736G-10","736G-10-0","Shopping Morumbi",0
"736G-10","736G-10-1","Jd. Inga",1
"736I-10","736I-10-0","Santo Amaro",0
"736I-10","736I-10-1","Jd. Inga",1
"736I-21","736I-21-0","Metrô Vila Das Belezas",0
"737A-10","737A-10-0","Term  Sto Amaro",0
"737A-10","737A-10-1","Term Jd âNgela",1
"737G-10","737G-10-0","Term. Sto Amaro",0
"737G-10","737G-10-1","Term. Guarapiranga",1
"7411-10","7411-10-0","Pça. Da Sé",0
"7458-10","7458-10-0","Estação Da Luz",0
"7458-10","7458-10-1","Jd. Boa Vista",1
"745M-10","745M-10-0","Shopping Sp Market",0
"745M-10","745M-10-1","Campo Limpo",1
"745M-21","745M-21-0","Campo Limpo",0
"746C-10","746C-10-0","Santo Amaro",0
"746C-10","746C-10-1","Jd. Taboao",1
"746F-10","746F-10-0","Santo Amaro",0
"746F-10","746F-10-1","Jd. Das Palmas",1
"746H-10","746H-10-0","Santo Amaro",0
"746H-10","746H-10-1","Jd. Jaqueline",1
"746K-10","746K-10-0","Campo Belo",0
"746P-10","746P-10-0","Santo Amaro",0
"746P-10","746P-10-1","Paraisopolis",1
"746R-10","746R-10-0","Santo Amaro",0
"746V-10","746V-10-0","Santo Amaro",0
"746V-10","746V-10-1","Jd. Reboucas",1
"748A-10","748A-10-0","Lapa",0
"748A-10","748A-10-1","Jd. D Abril",1
"748A-41","748A-41-0","Lapa",0
"748A-41","748A-41-1","Jd. Peri Peri",1
"748A-42","748A-42-0","Lapa",0
"748A-42","748A-42-1","Vila Dalva",1
"748N-10","748N-10-0","Itaim Bibi",0
"748R-10","748R-10-0","Metro Barra Funda",0
"748R-10","748R-10-1","Jd. Joao Xxiii",1
"748R-41","748R-41-0","Lapa",0
"748R-41","748R-41-1","Jd. Boa Vista",1
"748R-51","748R-51-0","Lapa",0
"748R-51","748R-51-1","Cohab Raposo Tavares",1
"7545-10","7545-10-0","Pca Ramos De Azevedo",0
"7545-10","7545-10-1","Jd. Joao Xxiii",1
"7545-21","7545-21-0","Pça. Ramos De Azevedo",0
"7545-21","7545-21-1","Cdhu Butantã",1
"7550-10","7550-10-0","Metrô Sta.cecilia",0
"7550-10","7550-10-1","Term. Sto. Amaro",1
"756A-10","756A-10-0","Santo Amaro",0
"756A-10","756A-10-1","Jd. Paulo Vi",1
"756A-21","756A-21-0","Shopping Morumbi",0
"7600-10","7600-10-0","Estacao Armenia",0
"7600-10","7600-10-1","Berrini",1
"7710-10","7710-10-0","Metrô Ana Rosa",0
"7710-10","7710-10-1","T Guarapiranga",1
"771P-10","771P-10-0","Hosp. Das Clínicas",0
"7725-10","7725-10-0","Terminal Lapa",0
"7725-10","7725-10-1","Rio Pequeno",1
"775A-10","775A-10-0","Itaim Bibi ",0
"775F-10","775F-10-0","Hosp. Das Clinicas",0
"775N-10","775N-10-0","Metro V. Madalena",0
"775N-10","775N-10-1","Rio Pequeno",1
"775P-10","775P-10-0","Metro Ana Rosa",0
"775P-10","775P-10-1","Jd. Guarau",1
"775V-10","775V-10-0","Itaim Bibi",0
"778J-10","778J-10-0","Metro Barra Funda",0
"778J-10","778J-10-1","Jd. Arpoador",1
"778J-41","778J-41-0","Metrô Barra Funda",0
"778J-41","778J-41-1","Cohab Raposo Tavares",1
"778R-10","778R-10-0","Term Princesa Isabel",0
"778R-10","778R-10-1","Cohab Raposo Tavares",1
"778R-21","778R-21-0","Term Princesa Isabel",0
"7903-10","7903-10-0","Pca Ramos De Azevedo",0
"8000-10","8000-10-0","Pca.ramos De Azevedo",0
"8000-10","8000-10-1","Terminal Lapa",1
"8001-10","8001-10-0","Terminal Lapa",0
"8001-10","8001-10-1","Vila Piaui",1
"8002-10","8002-10-0","Terminal Lapa",0
"8002-10","8002-10-1","Terminal Pirituba",1
"8003-10","8003-10-0","Terminal Lapa",0
"8003-10","8003-10-1","Remedios",1
"8004-10","8004-10-0","Terminal Lapa",0
"8004-10","8004-10-1","Santa Monica",1
"8006-10","8006-10-0","Terminal Pirituba",0
"8006-10","8006-10-1","Jd Donaria",1
"8007-10","8007-10-0","Terminal Pirituba",0
"8007-10","8007-10-1","Vila Clarice",1
"8008-10","8008-10-0","Terminal Pirituba",0
"8008-10","8008-10-1","Santa Monica",1
"8009-10","8009-10-0","Terminal Pirituba",0
"8009-10","8009-10-1","Cid. D'abril 3 Gleba",1
"8009-31","8009-31-0","Terminal Pirituba",0
"8009-31","8009-31-1","Cid.d'abril 3 Gleba",1
"8010-10","8010-10-0","Lapa",0
"8010-10","8010-10-1","Perus",1
"8010-21","8010-21-0","Circular",0
"8012-10","8012-10-0","Cidade Universitária",0
"8013-10","8013-10-0","Lapa",0
"8013-21","8013-21-0","Lapa",0
"8013-22","8013-22-0","Lapa",0
"8013-41","8013-41-0","Term Jd. Britânia",0
"8013-41","8013-41-1","Jd. Paineiras",1
"8014-10","8014-10-0","Perus",0
"8015-10","8015-10-0","Terminal Pirituba",0
"8015-10","8015-10-1","Cemitério De Perus",1
"8015-21","8015-21-0","Estação De Perus",0
"8015-21","8015-21-1","Cemitério De Perus",1
"8016-10","8016-10-0","Terminal Pirituba",0
"8016-10","8016-10-1","Jd Rincao",1
"8017-10","8017-10-0","Terminal Pirituba",0
"8017-10","8017-10-1","Voith",1
"8018-10","8018-10-0","Butantã ",0
"8019-10","8019-10-0","Metrô Butantã",0
"8019-10","8019-10-1","Parque Continental",1
"8020-10","8020-10-0","Shop. Morumbi",0
"8020-10","8020-10-1","Butantã",1
"8021-10","8021-10-0","Butantã",0
"8022-10","8022-10-0","Cidade Universitária",0
"8023-10","8023-10-0","Butantã",0
"8025-10","8025-10-0","Butantã",0
"8026-10","8026-10-0","Butantã",0
"8027-10","8027-10-0","Butantã ",0
"802C-10","802C-10-0","Lgo. Da Concordia",0
"802C-10","802C-10-1","Ceasa",1
"8038-10","8038-10-0","Lapa",0
"8040-10","8040-10-0","Lapa",0
"8040-10","8040-10-1","Sol Nascente",1
"8043-10","8043-10-0","Lapa",0
"8043-10","8043-10-1","Vila Nova Esperanca",1
"8047-10","8047-10-0","Lapa",0
"8047-10","8047-10-1","Jaragua",1
"8047-31","8047-31-0","Lapa",0
"8047-31","8047-31-1","Jaraguá",1
"8047-41","8047-41-0","Metro Vila Madalena",0
"8047-41","8047-41-1","Jaragua",1
"8047-51","8047-51-0","Lapa",0
"8047-51","8047-51-1","Jaraguá",1
"8050-10","8050-10-0","Lapa",0
"8050-10","8050-10-1","Pq. Morro Doce",1
"8050-21","8050-21-0","Lapa",0
"8050-31","8050-31-0","Lapa",0
"8050-31","8050-31-1","Pq. Morro Doce",1
"8050-32","8050-32-1","Morro Doce",1
"8055-10","8055-10-0","Lapa",0
"8055-10","8055-10-1","Perus",1
"8055-51","8055-51-0","Barra Funda",0
"8055-51","8055-51-1","Perus",1
"805L-10","805L-10-0","Aclimacao (circ.)",0
"8060-10","8060-10-0","Terminal Lapa",0
"8060-10","8060-10-1","Vila Piaui",1
"8062-10","8062-10-0","Lapa",0
"8065-10","8065-10-0","Lapa",0
"8065-10","8065-10-1","Vila Clarice",1
"8072-10","8072-10-0","Butantâ",0
"8073-10","8073-10-0","Butantã",0
"8075-10","8075-10-0","Metrô Butantã",0
"8075-10","8075-10-1","Terminal Campo Limpo",1
"8077-10","8077-10-0","Metrô Butantã",0
"8077-10","8077-10-1","Jd. João Xxiii",1
"8078-10","8078-10-0","Metrô Campo Limpo",0
"807A-10","807A-10-0","Term. Santo Amaro",0
"807A-10","807A-10-1","Terminal Campo Limpo",1
"807J-10","807J-10-0","Shopping Morumbi",0
"807J-10","807J-10-1","Term. Campo Limpo",1
"807M-10","807M-10-0","Shopping Morumbi",0
"807M-10","807M-10-1","Term.  Campo Limpo",1
"807P-10","807P-10-0","Santo Amaro",0
"807P-10","807P-10-1","Paraisópolis",1
"809A-10","809A-10-0","Terminal Pinheiros",0
"809A-10","809A-10-1","Jd. D' Abril",1
"809D-10","809D-10-0","Terminal Pinheiros",0
"809D-10","809D-10-1","Cohab Educandario",1
"809J-10","809J-10-0","Terminal Pinheiros",0
"809L-10","809L-10-0","Lapa",0
"809L-10","809L-10-1","Campo Limpo",1
"809P-10","809P-10-0","Term. Pinheiros",0
"809P-10","809P-10-1","Terminal Campo Limpo",1
"809R-10","809R-10-0","Terminal Pinheiros",0
"8100-10","8100-10-0","Terminal Lapa",0
"8100-10","8100-10-1","Terminal Pirituba",1
"817C-10","817C-10-0","Hosp. Das Clinicas",0
"8194-10","8194-10-0","Term. Cachoeirinha",0
"8194-10","8194-10-1","Perus",1
"8199-10","8199-10-0","C.v.n. Cachoeirinha",0
"8199-10","8199-10-1","Pirituba",1
"819A-10","819A-10-0","Jd. Primavera",0
"819A-10","819A-10-1","Vila Aurora",1
"819R-10","819R-10-0","Term Lapa",0
"819R-10","819R-10-1","Perus",1
"8200-10","8200-10-0","Terminal Lapa",0
"8200-10","8200-10-1","Terminal Pirituba",1
"8213-10","8213-10-0","Pca. Do Correio",0
"8213-10","8213-10-1","Vila Iara",1
"8213-21","8213-21-0","Metrô Barra Funda",0
"8214-10","8214-10-0","Pca. Do Correio",0
"8214-10","8214-10-1","Jd. Paulistano",1
"8215-10","8215-10-0","Pca. Do Correio",0
"8215-10","8215-10-1","Jd. Paulistano",1
"8252-10","8252-10-0","Lapa",0
"828P-10","828P-10-0","Metro Barra Funda",0
"828P-10","828P-10-1","Lapa",1
"8300-10","8300-10-0","Terminal Lapa",0
"8300-10","8300-10-1","Terminal Pirituba",1
"8319-10","8319-10-0","Lapa",0
"8319-21","8319-21-0","Pq.  Continental",0
"8400-10","8400-10-0","Pç Ramos De Azevedo",0
"8400-10","8400-10-1","Terminal Pirituba",1
"846M-10","846M-10-0","Pinheiros",0
"846M-10","846M-10-1","Vila Piauí",1
"847J-10","847J-10-0","Jaguare",0
"847J-10","847J-10-1","City Jaragua",1
"847J-41","847J-41-0","Ceagesp",0
"847J-41","847J-41-1","Vila Jaragua",1
"847P-10","847P-10-0","Itaim Bibi",0
"847P-10","847P-10-1","Terminal Pirituba",1
"847P-41","847P-41-0","Itaim Bibi",0
"847P-41","847P-41-1","Vila Zatt",1
"847P-42","847P-42-0","Itaim Bibi",0
"847P-42","847P-42-1","Brasilandia",1
"848L-10","848L-10-0","Terminal Pirituba",0
"848L-10","848L-10-1","Recanto Dos Humildes",1
"8500-10","8500-10-0","Metro Barra Funda",0
"8500-10","8500-10-1","Terminal Pirituba",1
"8528-10","8528-10-0","Pca. Do Correio",0
"8528-10","8528-10-1","Jd. Guarani",1
"8538-10","8538-10-0","Praça Do Correio",0
"8538-10","8538-10-1","Freguesia Do O",1
"8542-10","8542-10-0","Pca. Do Correio",0
"8542-10","8542-10-1","Brasilandia",1
"8544-10","8544-10-0","Largo Do Paissandú",0
"8544-10","8544-10-1","Cid. D'abril 3.gleba",1
"8545-10","8545-10-0","Metro Barra Funda",0
"8545-10","8545-10-1","Penteado",1
"8548-10","8548-10-0","Terminal Lapa",0
"8548-10","8548-10-1","Jd. Dos Cunhas",1
"8549-10","8549-10-0","Pca. Do Correio",0
"8549-10","8549-10-1","Taipas",1
"856R-10","856R-10-0","Socorro",0
"856R-10","856R-10-1","Lapa",1
"856R-21","856R-21-0","Shopping Iguatemi",0
"857A-10","857A-10-0","Metrô Santa Cruz",0
"857A-10","857A-10-1","Terminal Campo Limpo",1
"857C-10","857C-10-0","Metrô Conceição",0
"857C-10","857C-10-1","Term.campo Limpo",1
"857P-10","857P-10-0","Paraiso",0
"857P-10","857P-10-1","Terminal Campo Limpo",1
"857P-21","857P-21-0","Paraiso",0
"857R-10","857R-10-0","Aclimação",0
"857R-10","857R-10-1","Terminal Campo Limpo",1
"857R-41","857R-41-0","Ana Rosa",0
"8594-10","8594-10-0","Pca.ramos De Azevedo",0
"8594-10","8594-10-1","Cid. D'abril",1
"8594-21","8594-21-0","Pca.ramos De Azevedo",0
"8594-41","8594-41-0","Pca.ramos De Azevedo",0
"8600-10","8600-10-0","Lgo. Do Paissandu",0
"8600-10","8600-10-1","Terminal Pirituba",1
"8600-21","8600-21-0","Lgo. Do Paissandu",0
"8600-22","8600-22-0","Lgo. Do Paissandu",0
"8605-10","8605-10-0","Terminal Bandeira",0
"8605-10","8605-10-1","Terminal Campo Limpo",1
"8610-10","8610-10-0","Terminal Bandeira",0
"8610-10","8610-10-1","Jd. Paulo Vi",1
"8615-10","8615-10-0","Term. Pq. D.pedro Ii",0
"8615-10","8615-10-1","Pq. Da Lapa",1
"8622-10","8622-10-0","Pca.ramos De Azevedo",0
"8622-10","8622-10-1","Morro Doce",1
"8622-31","8622-31-0","Pca.ramos De Azevedo",0
"8622-42","8622-42-0","Largo Do Paissandú",0
"8622-42","8622-42-1","Sol Nascente",1
"8677-10","8677-10-0","Pca.ramos De Azevedo",0
"8677-10","8677-10-1","Jd. Libano",1
"8677-31","8677-31-0","Pca.ramos De Azevedo",0
"8677-31","8677-31-1","Jd. Libano",1
"8686-10","8686-10-0","Largo Do Paissandú",0
"8686-10","8686-10-1","Mangalot",1
"8696-10","8696-10-0","Pca.ramos De Azevedo",0
"8696-10","8696-10-1","Jaragua",1
"8696-41","8696-41-0","Pca.ramos De Azevedo",0
"8696-41","8696-41-1","Jaragua",1
"8700-10","8700-10-0","Pça. Ramos De Azevedo",0
"8700-10","8700-10-1","Terminal Campo Limpo",1
"8700-21","8700-21-0","Pça. Ramos De Azevedo",0
"8700-22","8700-22-0","Terminal Campo Limpo",0
"8700-23","8700-23-0","Butantã",0
"8700-23","8700-23-1","Praça Ramos De Azevedo",1
"8705-10","8705-10-0","Anhangabau",0
"8705-10","8705-10-1","Shopping Continental",1
"8707-10","8707-10-0","Terminal Princesa Isabel",0
"8707-10","8707-10-1","Rio Pequeno",1
"874C-10","874C-10-0","Metro - Trianon - Masp ",0
"874T-10","874T-10-0","Lapa",0
"874T-10","874T-10-1","Ipiranga",1
"875A-10","875A-10-0","Perdizes (via Aratãs)",0
"875A-10","875A-10-1","Aeroporto",1
"875C-10","875C-10-0","Metro Sta Cruz",0
"875C-10","875C-10-1","Terminal Lapa",1
"875C-22","875C-22-0","Terminal Lapa",0
"875H-10","875H-10-0","Metro Vila Mariana",0
"875H-10","875H-10-1","Terminal  Lapa",1
"875M-10","875M-10-0","Metrô Barra Funda",0
"875M-10","875M-10-1","Aeroporto",1
"875P-10","875P-10-0","Metro Ana Rosa",0
"875P-10","875P-10-1","Metro Barra Funda",1
"877T-10","877T-10-0","Metrô Paraíso",0
"877T-10","877T-10-1","Vila Anastacio",1
"888P-10","888P-10-0","Cohab Taipas",0
"888P-10","888P-10-1","Perus",1
"9002-10","9002-10-0","T.t.v.n.cachoeirinha",0
"9002-10","9002-10-1","Jd. Pery Alto",1
"9004-10","9004-10-0","T.t.v.n.cachoeirinha",0
"9004-10","9004-10-1","Jd. Elisa Maria",1
"9005-10","9005-10-0","T.t.v.n.cachoeirinha",0
"9005-10","9005-10-1","Jd. Princesa",1
"9005-41","9005-41-0","T.t.v.n.cachoeirinha",0
"9005-41","9005-41-1","Jd. Vista Alegre",1
"9005-42","9005-42-0","T.t.v.n. Cachoeirinha",0
"9005-42","9005-42-1","Sítio Dos Francos",1
"9006-10","9006-10-0","T.t.v.n.cachoeirinha",0
"9006-10","9006-10-1","Vila Penteado",1
"9008-10","9008-10-0","T.t.v.n.cachoeirinha",0
"9008-10","9008-10-1","Pq. De Taipas",1
"9008-21","9008-21-0","T.t.v.n.cachoeirinha",0
"9008-41","9008-41-0","T.t.v.n.cachoeirinha",0
"9009-10","9009-10-0","T.t.v.n.cachoeirinha",0
"9009-10","9009-10-1","Cohab Brasilândia",1
"9011-10","9011-10-0","T.t.v.n.cachoeirinha",0
"9011-10","9011-10-1","Estação Jaragua",1
"9011-21","9011-21-0","City Jaraguá",0
"9012-10","9012-10-0","Terminal Lapa",0
"9012-10","9012-10-1","Itaberaba",1
"9014-10","9014-10-0","Terminal Lapa",0
"9014-10","9014-10-1","Morro Grande",1
"9014-42","9014-42-0","Terminal Lapa",0
"9015-10","9015-10-0","Terminal Pirituba",0
"9015-10","9015-10-1","Vila Zatt",1
"9018-10","9018-10-0","Terminal Pirituba",0
"9018-10","9018-10-1","Vila Mirante",1
"9019-10","9019-10-0","Terminal Pirituba",0
"9019-10","9019-10-1","Jd Paulistano",1
"9020-10","9020-10-0","Terminal Pirituba",0
"9020-10","9020-10-1","Vila Mirante",1
"9022-10","9022-10-0","Terminal Lapa",0
"9022-10","9022-10-1","Vila Iorio",1
"9023-10","9023-10-0","Terminal Pirituba",0
"9023-10","9023-10-1","Pq. De  Taipas",1
"9031-10","9031-10-0","Lapa",0
"9031-10","9031-10-1","Freguesia Do O",1
"9032-10","9032-10-0","T.t.v.n. Cachoeirinha",0
"9032-10","9032-10-1","Jd. Damasceno",1
"9032-21","9032-21-0","T.t.v.n. Cachoeirinha",0
"9034-10","9034-10-0","Lapa",0
"9034-10","9034-10-1","Morro Grande",1
"9047-10","9047-10-0","Lapa",0
"9047-10","9047-10-1","Jd. Paulistano",1
"9050-10","9050-10-0","Itaim Bibi",0
"9051-10","9051-10-0","Pinheiros",0
"9070-10","9070-10-0","Term. Casa Verde",0
"9070-10","9070-10-1","Jd. Antartica ",1
"908T-10","908T-10-0","Butanta",0
"9090-10","9090-10-0","Term. Casa Verde",0
"9090-10","9090-10-1","Pq. Tiete",1
"9162-10","9162-10-0","Terminal Casa Verde",0
"9166-10","9166-10-0","T.t.v.n. Cachoeirinha",0
"917H-10","917H-10-0","Metro Vila Mariana",0
"917H-10","917H-10-1","Terminal Pirituba",1
"917M-10","917M-10-0","Metro Ana Rosa",0
"917M-10","917M-10-1","Morro Grande",1
"917M-31","917M-31-0","Metro Ana Rosa",0
"917M-31","917M-31-1","Morro Grande",1
"9181-10","9181-10-0","Lapa",0
"9181-10","9181-10-1","Vila Terezinha",1
"9186-10","9186-10-0","Lapa",0
"9186-10","9186-10-1","Cohab N. Brasilandia",1
"9188-10","9188-10-0","Lapa",0
"9188-10","9188-10-1","Capela Da Lagoa ",1
"9188-42","9188-42-0","Lapa",0
"9188-42","9188-42-1","Capela Da Lagoa",1
"9191-10","9191-10-0","Bom Retiro",0
"9191-10","9191-10-1","Jd. Elisa Maria",1
"9191-21","9191-21-0","Bom Retiro",0
"9300-10","9300-10-0","Term. Pq. D.pedro Ii",0
"9300-10","9300-10-1","Term. Casa Verde",1
"9301-10","9301-10-0","Paissandu",0
"9301-10","9301-10-1","Term. Casa Verde",1
"930P-10","930P-10-0","Term. Pinheiros",0
"930P-10","930P-10-1","Term. Pq.d.pedro Ii",1
"9354-10","9354-10-0","Terminal Correio",0
"9354-10","9354-10-1","Terminal Cachoeirinha",1
"938C-10","938C-10-0","Term. Princ. Isabel",0
"938C-10","938C-10-1","Cohab Taipas",1
"938L-10","938L-10-0","Lapa",0
"938L-10","938L-10-1","T.t.v.n.cachoeirinha",1
"938P-10","938P-10-0","Metro Barra Funda",0
"938P-10","938P-10-1","Jd. Tereza",1
"938P-21","938P-21-0","Metro Barra Funda",0
"938V-10","938V-10-0","Metro Barra Funda",0
"938V-10","938V-10-1","Jd. Vista Alegre",1
"948A-10","948A-10-0","Metro Barra Funda",0
"948A-10","948A-10-1","Vila Zatt",1
"9500-10","9500-10-0","Paissandu",0
"9500-10","9500-10-1","Term. Cachoeirinha",1
"9501-10","9501-10-0","Paissandu",0
"9501-10","9501-10-1","T.t.v.n.cachoeirinha",1
"9501-21","9501-21-0","Term.princesa Isabel",0
"957T-10","957T-10-0","Itaim Bibi",0
"957T-10","957T-10-1","Cohab Taipas",1
"958P-10","958P-10-0","Itaim Bibi",0
"958P-10","958P-10-1","Jd. Nardini",1
"9653-10","9653-10-0","Lgo. Do Paissandu",0
"9653-10","9653-10-1","Pedra Branca",1
"967A-10","967A-10-0","Pinheiros",0
"967A-10","967A-10-1","Imirim",1
"9701-10","9701-10-0","Metrô Santana",0
"9701-10","9701-10-1","Hospital Cachoeirinha",1
"9717-10","9717-10-0","Santana",0
"9717-10","9717-10-1","Jd. Almanara",1
"971A-10","971A-10-0","Metro Santana",0
"971A-10","971A-10-1","Jd. Primavera",1
"971C-10","971C-10-0","Metro Santana",0
"971C-10","971C-10-1","Cohab",1
"971D-10","971D-10-0","Center Norte",0
"971D-10","971D-10-1","Jd. Damasceno",1
"971M-10","971M-10-0","Metro Santana",0
"971R-10","971R-10-0","Metro Santana",0
"971R-10","971R-10-1","Estacao Jaragua",1
"971R-21","971R-21-0","Metro Santana",0
"971R-42","971R-42-0","Metro Santana",0
"971R-42","971R-42-1","Cdhu Voith",1
"971R-51","971R-51-0","Metro Santana",0
"971T-10","971T-10-0","Metro Santana",0
"971T-10","971T-10-1","Vila Santa Maria",1
"971V-10","971V-10-0","Center Norte",0
"971V-10","971V-10-1","Jd. Vista Alegre",1
"971X-10","971X-10-0","Metrô Santana",0
"971X-51","971X-51-0","Term. Amaral Gurgel",0
"971X-51","971X-51-1","Terminal Cachoeirinha",1
"975A-10","975A-10-0","Metro Ana Rosa",0
"975A-10","975A-10-1","Vila Brasilandia",1
"9782-10","9782-10-0","Metro Barra Funda",0
"9782-10","9782-10-1","Jd. Carombe",1
"9782-31","9782-31-0","Lapa",0
"9782-31","9782-31-1","Jd. Carombe",1
"9784-10","9784-10-0","Barra Funda",0
"9784-10","9784-10-1","Jd. Dos Francos",1
"9785-10","9785-10-0","Term. Barra Funda",0
"9785-10","9785-10-1","Vila Terezinha",1
"9785-51","9785-51-0","T.t.v.n. Cachoeirinha",0
"9789-10","9789-10-0","Barra Funda",0
"9789-10","9789-10-1","Jd. Paulistano",1
"978A-10","978A-10-0","Metro Barra Funda",0
"978A-10","978A-10-1","T.t.v.n.cachoeirinha",1
"978J-10","978J-10-0","Term Princesa Isabel",0
"978J-10","978J-10-1","Voith",1
"978L-10","978L-10-0","Term.princesa Isabel",0
"978L-10","978L-10-1","T.t.v.n.cachoeirinha",1
"978T-10","978T-10-0","Metro Barra Funda",0
"978T-10","978T-10-1","Jd. Guarani",1
"CPTM L07","CPTM L07-0","JUNDIAI",0
"CPTM L07","CPTM L07-1","LUZ",1
"CPTM L08","CPTM L08-0","AMADOR BUENO",0
"CPTM L08","CPTM L08-1","JULIO PRESTES",1
"CPTM L09","CPTM L09-0","GRAJAU",0
"CPTM L09","CPTM L09-1","OSASCO",1
"CPTM L10","CPTM L10-0","RIO GRANDE DA SERRA",0
"CPTM L10","CPTM L10-1","BRÁS",1
"CPTM L11","CPTM L11-0","ESTUDANTES",0
"CPTM L11","CPTM L11-1","LUZ",1
"CPTM L12","CPTM L12-0","CALMON VIANA",0
"CPTM L12","CPTM L12-1","BRAS",1
"METRO L1","METRO L1-0","TUCURUVI",0
"METRO L1","METRO L1-1","JABAQUARA",1
"METRO L2","METRO L2-0","VILA MADALENA",0
"METRO L2","METRO L2-1","VILA PRUDENTE",1
"METRO L3","METRO L3-0","CORINTHIANS - ITAQUERA",0
"METRO L3","METRO L3-1","PALMEIRAS - BARRA FUNDA",1
"METRO L4","METRO L4-0","BUTANTA",0
"METRO L4","METRO L4-1","LUZ",1
"METRO L5","METRO L5-0","CAPAO REDONDO",0
"METRO L5","METRO L5-1","LARGO 13",1
